tconst,titleType,primaryTitle,originalTitle,isAdult,startYear,endYear,runtimeMinutes,genres,averageRating,numVotes
tt0000001,short,Carmencita,Carmencita,0,1894,\N,1,"Documentary,Short",5.7,1886
tt0000002,short,Le clown et ses chiens,Le clown et ses chiens,0,1892,\N,5,"Animation,Short",5.9,250
tt0000003,short,Pauvre Pierrot,Pauvre Pierrot,0,1892,\N,4,"Animation,Comedy,Romance",6.5,1674
tt0000004,short,Un bon bock,Un bon bock,0,1892,\N,12,"Animation,Short",5.8,163
tt0000005,short,Blacksmith Scene,Blacksmith Scene,0,1893,\N,1,"Comedy,Short",6.2,2494
tt0000006,short,Chinese Opium Den,Chinese Opium Den,0,1894,\N,1,Short,5.2,167
tt0000007,short,Corbett and Courtney Before the Kinetograph,Corbett and Courtney Before the Kinetograph,0,1894,\N,1,"Short,Sport",5.4,778
tt0000008,short,Edison Kinetoscopic Record of a Sneeze,Edison Kinetoscopic Record of a Sneeze,0,1894,\N,1,"Documentary,Short",5.4,2026
tt0000009,short,Miss Jerry,Miss Jerry,0,1894,\N,40,"Romance,Short",5.3,195
tt0000010,short,Leaving the Factory,La sortie de l'usine Lumière à Lyon,0,1895,\N,1,"Documentary,Short",6.9,6816
tt0000011,short,Akrobatisches Potpourri,Akrobatisches Potpourri,0,1895,\N,1,"Documentary,Short",5.3,347
tt0000012,short,The Arrival of a Train,L'arrivée d'un train à La Ciotat,0,1896,\N,1,"Documentary,Short",7.4,11710
tt0000013,short,The Photographical Congress Arrives in Lyon,Le débarquement du congrès de photographie à Lyon,0,1895,\N,1,"Documentary,Short",5.7,1807
tt0000014,short,The Waterer Watered,L'arroseur arrosé,0,1895,\N,1,"Comedy,Short",7.1,5249
tt0000015,short,Autour d'une cabine,Autour d'une cabine,0,1894,\N,2,"Animation,Short",6.2,1006
tt0000016,short,Boat Leaving the Port,Barque sortant du port,0,1895,\N,1,"Documentary,Short",5.9,1415
tt0000017,short,Italienischer Bauerntanz,Italienischer Bauerntanz,0,1895,\N,1,"Documentary,Short",4.6,308
tt0000018,short,Das boxende Känguruh,Das boxende Känguruh,0,1895,\N,1,Short,5.3,565
tt0000019,short,The Clown Barber,The Clown Barber,0,1898,\N,\N,"Comedy,Short",5.2,31
tt0000020,short,The Derby 1895,The Derby 1895,0,1895,\N,1,"Documentary,Short,Sport",4.8,335
tt0000022,short,Blacksmith Scene,Les forgerons,0,1895,\N,1,"Documentary,Short",5.1,1047
tt0000023,short,The Sea,Baignade en mer,0,1895,\N,1,"Documentary,Short",5.7,1366
tt0000024,short,Opening of the Kiel Canal,Opening of the Kiel Canal,0,1895,\N,\N,"News,Short",4.3,91
tt0000025,short,The Oxford and Cambridge University Boat Race,The Oxford and Cambridge University Boat Race,0,1895,\N,\N,"News,Short,Sport",4.3,42
tt0000026,short,The Messers. Lumière at Cards,Partie d'écarté,0,1896,\N,1,"Documentary,Short",5.7,1476
tt0000027,short,Cordeliers' Square in Lyon,Place des Cordeliers à Lyon,0,1895,\N,1,"Documentary,Short",5.6,1101
tt0000028,short,Fishing for Goldfish,La pêche aux poissons rouges,0,1895,\N,1,"Documentary,Short",5.1,1018
tt0000029,short,Baby's Meal,Repas de bébé,0,1895,\N,1,"Documentary,Short",5.9,3220
tt0000030,short,Rough Sea at Dover,Rough Sea at Dover,0,1895,\N,1,"Documentary,Short",5.2,805
tt0000031,short,Jumping the Blanket,Le saut à la couverture,0,1895,\N,1,"Documentary,Short",5.5,963
tt0000032,short,Die Serpentintänzerin,Die Serpentintänzerin,0,1895,\N,1,Short,5,398
tt0000033,short,Horse Trick Riders,La voltige,0,1895,\N,1,"Comedy,Documentary,Short",5.5,981
tt0000034,short,Arrivée d'un train gare de Vincennes,Arrivée d'un train gare de Vincennes,0,1896,\N,1,"Documentary,Short",5,188
tt0000035,short,Watering the Flowers,L'arroseur,0,1896,\N,1,"Comedy,Short",5.4,77
tt0000036,short,Awakening of Rip,Awakening of Rip,0,1896,\N,0,"Drama,Short",4.4,582
tt0000037,short,Sea Bathing,Baignade en mer,0,1896,\N,1,Short,4.4,62
tt0000038,short,The Ball Game,The Ball Game,0,1898,\N,\N,"Documentary,Short,Sport",4.2,194
tt0000039,short,Barnet Horse Fair,Barnet Horse Fair,0,1896,\N,\N,Short,3.6,27
tt0000040,short,Barque sortant du port de Trouville,Barque sortant du port de Trouville,0,1896,\N,\N,"Documentary,Short",4.3,62
tt0000041,short,Bataille de neige,Bataille de neige,0,1897,\N,1,"Comedy,Documentary,Short",6.7,1742
tt0000042,short,Bateau-mouche sur la Seine,Bateau-mouche sur la Seine,0,1896,\N,\N,"Documentary,Short",4.2,36
tt0000043,short,Batteuse à vapeur,Batteuse à vapeur,0,1896,\N,\N,"Documentary,Short",3.6,31
tt0000044,short,Le bivouac,Le bivouac,0,1896,\N,1,Short,4.1,42
tt0000045,short,Les blanchisseuses,Les blanchisseuses,0,1896,\N,\N,Short,4.1,31
tt0000046,short,Bois de Boulogne,Bois de Boulogne,0,1896,\N,\N,"Documentary,Short",4,34
tt0000047,short,Boulevard des Italiens,Boulevard des Italiens,0,1896,\N,\N,"Documentary,Short",3.7,33
tt0000048,short,The Boxing Kangaroo,The Boxing Kangaroo,0,1896,\N,\N,Short,4.9,182
tt0000049,short,"Boxing Match; or, Glove Contest","Boxing Match; or, Glove Contest",0,1896,\N,\N,"Short,Sport",5.1,46
tt0000050,short,Bébé et fillettes,Bébé et fillettes,0,1896,\N,\N,"Documentary,Short",4.1,34
tt0000051,short,The Bohemian Encampment,Campement de bohémiens,0,1896,\N,\N,"Documentary,Short",3.8,33
tt0000052,short,Carga de rurales,Carga de rurales,0,1896,\N,1,"Documentary,Short",4.4,93
tt0000053,short,A Chegada do Comboio Inaugural à Estação Central do Porto,A Chegada do Comboio Inaugural à Estação Central do Porto,0,1897,\N,\N,"Documentary,Short",2.9,17
tt0000054,short,A Merry-Go-Round,Les chevaux de bois,0,1896,\N,\N,Short,4.9,33
tt0000055,short,Le chiffonnier,Le chiffonnier,0,1896,\N,\N,Short,3.8,29
tt0000056,short,Uma Corrida de Touros no Campo Pequeno,Uma Corrida de Touros no Campo Pequeno,0,1896,\N,\N,Short,3.2,21
tt0000057,short,Cortège de tzar allant à Versailles,Cortège de tzar allant à Versailles,0,1896,\N,\N,"Documentary,Short",4.6,32
tt0000058,short,Cortège de tzar au Bois de Boulogne,Cortège de tzar au Bois de Boulogne,0,1896,\N,\N,"Documentary,Short",4.3,31
tt0000059,short,Coronation of a Village Maiden,Couronnement de la rosière,0,1896,\N,\N,Short,3.6,26
tt0000060,short,Dancing Darkies,Dancing Darkies,0,1896,\N,\N,"Documentary,Short",7.5,85
tt0000061,short,Dancing Girls,Dancing Girls,0,1896,\N,\N,Short,4.1,23
tt0000062,short,Danse serpentine,Danse serpentine,0,1896,\N,1,Short,6.4,190
tt0000063,short,Dessinateur express,Dessinateur express,0,1896,\N,\N,Short,3.6,26
tt0000064,short,Dessinateur: Chamberlain,Dessinateur: Chamberlain,0,1896,\N,\N,Short,3.4,27
tt0000065,short,Dessinateur: Reine Victoria,Dessinateur: Reine Victoria,0,1896,\N,\N,Short,3.6,27
tt0000066,short,Dessinateur: Von Bismark,Dessinateur: Von Bismark,0,1896,\N,\N,Short,3.4,27
tt0000067,short,Conjurer Making Ten Hats in Sixty Seconds,Dix chapeaux en 60 secondes,0,1896,\N,\N,"Fantasy,Short",5.7,60
tt0000068,short,Unloading the Boat,Déchargement de bateaux,0,1896,\N,\N,"Documentary,Short",3.9,30
tt0000069,short,Post No Bills,Défense d'afficher,0,1896,\N,1,Short,4.9,430
tt0000070,short,Demolition of a Wall,Démolition d'un mur,0,1896,\N,1,"Documentary,Short",6.4,2553
tt0000071,short,Automobiles Starting a Race,Départ des automobiles,0,1896,\N,\N,"Short,Sport",3.5,28
tt0000072,short,Officers of French Army Leaving Service,Départ des officiers,0,1896,\N,\N,Short,3.8,26
tt0000073,short,Effets de mer sur les rochers,Effets de mer sur les rochers,0,1896,\N,\N,"Documentary,Short",3.6,29
tt0000074,short,Enfants jouant sur la plage,Enfants jouant sur la plage,0,1896,\N,\N,"Documentary,Short",4.7,30
tt0000075,short,The Conjuring of a Woman at the House of Robert Houdin,Escamotage d'une dame au théâtre Robert Houdin,0,1896,\N,1,"Horror,Short",6.3,1822
tt0000076,short,Exit of Rip and the Dwarf,Exit of Rip and the Dwarf,0,1896,\N,1,"Drama,Short",4.5,511
tt0000077,short,"Le fakir, mystère indien","Le fakir, mystère indien",0,1896,\N,\N,Short,4.6,33
tt0000078,short,Feira de Gado na Corujeira,Feira de Gado na Corujeira,0,1896,\N,1,"Documentary,Short",3.8,72
tt0000079,short,La gare Saint-Lazare,La gare Saint-Lazare,0,1896,\N,\N,"Documentary,Short",4.4,34
tt0000080,short,Grandes manoeuvres,Grandes manoeuvres,0,1896,\N,\N,"Documentary,Short",4.1,30
tt0000081,short,Towing a Boat on the River,Les haleurs de bateaux,0,1896,\N,\N,"Documentary,Short",4.2,31
tt0000082,short,A Hard Wash,A Hard Wash,0,1896,\N,\N,"Comedy,Short",4.8,46
tt0000083,short,Les indiscrets,Les indiscrets,0,1896,\N,\N,Short,4.7,31
tt0000084,short,Les ivrognes,Les ivrognes,0,1896,\N,\N,Short,4.5,29
tt0000085,short,Gardener Burning Weeds,Jardinier brûlant des herbes,0,1896,\N,\N,Short,4.7,31
tt0000086,short,"Beach and Pier at Trouville, 1st part",Jetée et plage de Trouville (1er partie),0,1896,\N,\N,"Documentary,Short",4.3,32
tt0000087,short,"Beach and Pier at Trouville, 2nd part",Jetée et plage de Trouville (2e partie),0,1896,\N,\N,"Documentary,Short",4.7,36
tt0000088,short,Market Day,Jour de marché à Trouville,0,1896,\N,\N,"Documentary,Short",4.3,31
tt0000089,short,Leaving Jerusalem by Railway,Départ de Jérusalem en chemin de fer,0,1897,\N,1,"Documentary,Short",6.2,962
tt0000090,short,Libération des territoriaux,Libération des territoriaux,0,1896,\N,\N,"Documentary,Short",4.1,30
tt0000091,short,The House of the Devil,Le manoir du diable,0,1896,\N,3,"Horror,Short",6.7,3387
tt0000092,short,Marée montante sur Brise-Larmes,Marée montante sur Brise-Larmes,0,1896,\N,\N,"Documentary,Short",4.7,28
tt0000093,short,Melbourne,Melbourne,0,1896,\N,\N,"Documentary,Short",4.8,89
tt0000094,short,Miss de Vere,Miss de Vere,0,1896,\N,\N,Short,4.8,31
tt0000095,short,The Mysterious Paper,Le papier protée,0,1896,\N,\N,Short,4.8,33
tt0000096,short,Place Saint-Augustin,Place Saint-Augustin,0,1896,\N,\N,"Documentary,Short",4.5,28
tt0000097,short,"Place de l'Opéra, First View","Place de l'Opéra, 1er aspect",0,1896,\N,\N,"Documentary,Short",5,32
tt0000098,short,"Place de l'Opéra, Second View","Place de l'Opéra, 2e aspect",0,1896,\N,\N,"Documentary,Short",5.1,35
tt0000099,short,Place de la Bastille,Place de la Bastille,0,1896,\N,\N,"Documentary,Short",4.7,31
tt0000100,short,Place de la Concorde,Place de la Concorde,0,1896,\N,\N,"Documentary,Short",4.7,51
tt0000101,short,Place du théâtre français,Place du théâtre français,0,1896,\N,\N,"Documentary,Short",4.7,27
tt0000102,short,The Beach at Villiers in a Gale,Plage de Villiers par gros temps,0,1896,\N,\N,Short,4.8,25
tt0000103,short,Smarter than the Teacher,Plus fort que le maître,0,1896,\N,\N,Short,5.4,26
tt0000104,short,Pompiers à Lyon,Pompiers à Lyon,0,1896,\N,1,"Documentary,Short",5.6,451
tt0000105,short,The Docks at Marseilles,Les quais à Marseille,0,1896,\N,\N,"Documentary,Short",5,28
tt0000106,short,Retour au cantonnement,Retour au cantonnement,0,1896,\N,\N,Short,4.5,22
tt0000107,short,Naval Review at Cherburg,Revue navale à Cherbourg,0,1896,\N,\N,"Documentary,Short",5.2,27
tt0000108,short,Rip Leaving Sleepy Hollow,Rip Leaving Sleepy Hollow,0,1896,\N,1,"Drama,Short",4.4,519
tt0000109,short,Rip Meeting the Dwarf,Rip Meeting the Dwarf,0,1896,\N,1,"Fantasy,Short",4.5,505
tt0000110,short,Rip Passing Over the Mountain,Rip Passing Over the Mountain,0,1896,\N,1,"Fantasy,Short",4.4,509
tt0000111,short,Rip's Toast,Rip's Toast,0,1896,\N,1,"Drama,Short",4.5,524
tt0000112,short,Rip's Toast to Hudson,Rip's Toast to Hudson,0,1896,\N,1,"Fantasy,Short",4.5,503
tt0000113,short,Rip's Twenty Years' Sleep,Rip's Twenty Years' Sleep,0,1896,\N,0,"Drama,Short",4.3,528
tt0000114,short,French Regiment Going to the Parade,Le régiment,0,1896,\N,\N,"Documentary,Short",5.1,29
tt0000115,short,Réunion d'officiers,Réunion d'officiers,0,1896,\N,\N,"Documentary,Short",4.8,33
tt0000116,short,Sac au dos,Sac au dos,0,1896,\N,\N,Short,5.1,26
tt0000117,short,Saída do Pessoal Operário da Fábrica Confiança,Saída do Pessoal Operário da Fábrica Confiança,0,1896,\N,1,"Documentary,Short",5.2,156
tt0000118,short,Salut malencontreux d'un déserteur,Salut malencontreux d'un déserteur,0,1896,\N,\N,Short,5.1,27
tt0000119,short,"Rescue on the River, Pt. 2","Sauvetage en rivière, 1er",0,1896,\N,\N,"Documentary,Short",5.4,51
tt0000120,short,"Rescue on the River, Pt. 1","Sauvetage en rivière, 2e",0,1896,\N,\N,"Documentary,Short",5.3,49
tt0000121,short,The Soldier's Courtship,The Soldier's Courtship,0,1896,\N,1,"Comedy,Short",4.3,76
tt0000122,short,Closing Hours at Vibert's Perfume Factory,Sortie des ateliers Vibert,0,1896,\N,\N,"Documentary,Short",5.1,30
tt0000123,short,Conjuring,Séance de prestidigitation,0,1896,\N,\N,Short,5.7,122
tt0000124,short,Tempête sur la jetée du treport,Tempête sur la jetée du treport,0,1896,\N,\N,"Documentary,Short",5.1,29
tt0000125,short,The Terrible Railway Accident,The Terrible Railway Accident,0,1896,\N,\N,Short,4.8,14
tt0000126,short,Tom Old Boot,Tom Old Boot,0,1896,\N,\N,Short,5.5,29
tt0000127,short,Les tribulations d'un concierge,Les tribulations d'un concierge,0,1896,\N,\N,"Comedy,Short",4.6,25
tt0000128,short,Academy for Young Ladies,Un lycée de jeunes filles,0,1896,\N,\N,Short,5.6,37
tt0000129,short,Un petit diable,Un petit diable,0,1896,\N,\N,Short,6.5,50
tt0000130,short,Une altercation au café,Une altercation au café,0,1896,\N,\N,Short,5.5,28
tt0000131,short,A Terrible Night,Une nuit terrible,0,1896,\N,1,"Comedy,Horror,Short",5.8,1315
tt0000132,short,Card Party,Une partie de cartes,0,1896,\N,1,"Biography,Short",5.1,1013
tt0000133,short,La voiture du potier,La voiture du potier,0,1896,\N,\N,Short,6.1,34
tt0000134,short,The Wandering Negro Minstrels,The Wandering Negro Minstrels,0,1896,\N,\N,"Music,Short",4.7,18
tt0000135,short,A Watermelon Feast,A Watermelon Feast,0,1896,\N,\N,"Documentary,Short",6.6,77
tt0000137,short,Au réfectoire,Au réfectoire,0,1897,\N,\N,"Comedy,Short",4.6,30
tt0000138,short,The Bewitched Inn,L'auberge ensorcelée,0,1897,\N,2,"Comedy,Horror,Short",6.5,1061
tt0000139,short,L'aveugle,L'aveugle,0,1897,\N,\N,Short,5.3,24
tt0000140,short,Baignade dans le torrent,Baignade dans le torrent,0,1897,\N,1,Short,4.9,278
tt0000141,short,Ballet libella,Ballet libella,0,1897,\N,2,"Documentary,Short",5.2,92
tt0000142,short,Buffalo Bill and Escort,Buffalo Bill and Escort,0,1897,\N,\N,"News,Short",4.7,28
tt0000143,short,Les cambrioleurs,Les cambrioleurs,0,1897,\N,1,"Comedy,Short",4.9,245
tt0000144,short,Chez le magnétiseur,Chez le magnétiseur,0,1897,\N,1,"Comedy,Short",5.1,298
tt0000145,short,En classe,En classe,0,1897,\N,\N,"Comedy,Short",3.9,13
tt0000146,short,Le cocher de fiacre endormi,Le cocher de fiacre endormi,0,1897,\N,\N,"Comedy,Short",5.1,26
tt0000147,short,The Corbett-Fitzsimmons Fight,The Corbett-Fitzsimmons Fight,0,1897,\N,20,"Documentary,News,Short",5.2,446
tt0000148,short,Le Coucher d'Yvette,Le Coucher d'Yvette,0,1897,\N,\N,Short,3.7,14
tt0000149,short,Behind the Scenes,Dans les coulisses,0,1897,\N,\N,"Comedy,Short",4.6,21
tt0000150,short,Danse fleur de lotus,Danse fleur de lotus,0,1897,\N,1,"Documentary,Short",5.4,157
tt0000151,short,Faust et Marguerite,Faust et Marguerite,0,1897,\N,\N,Short,4.9,57
tt0000152,short,The Hallucinated Alchemist,L'hallucination de l'alchimiste,0,1897,\N,2,"Fantasy,Horror,Short",6.1,235
tt0000153,short,The Haunted Castle,The Haunted Castle,0,1897,\N,1,"Horror,Short",5.7,417
tt0000154,short,Henley Regatta,Henley Regatta,0,1897,\N,\N,"News,Short,Sport",4.1,13
tt0000155,short,The Hypnotist at Work,Le magnétiseur,0,1897,\N,\N,Short,5.1,27
tt0000156,short,A Badly Managed Hotel,L'hôtel empoisonné,0,1896,\N,\N,"Comedy,Short",4.1,22
tt0000157,short,Idylle,Idylle,0,1897,\N,\N,Short,4.1,15
tt0000158,short,Idylle interrompue,Idylle interrompue,0,1897,\N,\N,"Comedy,Short",3.5,15
tt0000159,short,The Devil's Laboratory,Le cabinet de Méphistophélès,0,1897,\N,1,"Horror,Short",5.3,117
tt0000160,short,The Last Days of Pompeii,The Last Days of Pompeii,0,1900,\N,\N,"Drama,Short",5.3,26
tt0000161,short,Leçon de danse,Leçon de danse,0,1897,\N,\N,"Comedy,Short",3.9,14
tt0000162,short,Niagara Falls,Les chutes,0,1897,\N,1,"Documentary,Short",5.4,456
tt0000163,short,Le planton du colonel,Le planton du colonel,0,1897,\N,\N,"Comedy,Short",5.1,13
tt0000164,short,Le pêcheur dans le torrent,Le pêcheur dans le torrent,0,1897,\N,1,"Comedy,Short",5,287
tt0000165,short,Riña en un café,Riña en un café,0,1897,\N,1,Short,4.7,119
tt0000166,short,Salida de los trabajadores de la fábrica España Industrial,Salida de los trabajadores de la fábrica España Industrial,0,1897,\N,1,"Documentary,Short",3.8,18
tt0000167,short,Salida de misa de doce del Pilar de Zaragoza,Salida de misa de doce del Pilar de Zaragoza,0,1897,\N,\N,"Documentary,Short",4,134
tt0000168,short,Salida del público de la iglesia parroquial de Santa María de Sans,Salida del público de la iglesia parroquial de Santa María de Sans,0,1897,\N,1,"Documentary,Short",3.5,16
tt0000169,short,Slagsmål i gamla Stockholm,Slagsmål i gamla Stockholm,0,1897,\N,1,Short,3.8,45
tt0000170,short,The Twins' Tea Party,The Twins' Tea Party,0,1896,\N,1,"Comedy,Short",5.2,237
tt0000171,short,Une nuit agitée,Une nuit agitée,0,1897,\N,\N,"Comedy,Short",4.5,14
tt0000172,short,The X-Ray Fiend,The X-Ray Fiend,0,1897,\N,1,"Comedy,Horror,Short",6.1,858
tt0000173,short,Battle of Santiago Bay,Battle of Santiago Bay,0,1898,\N,\N,"Short,War",4.9,44
tt0000174,short,Výstavní párkar a lepic plakátù,Výstavní párkar a lepic plakátù,0,1898,\N,1,"Comedy,Short",4.6,126
tt0000175,short,A Sea Cave Near Lisbon,A Sea Cave Near Lisbon,0,1896,\N,1,"Documentary,Short",5,206
tt0000176,short,Brittania,Brittania,0,1898,\N,\N,Short,4.9,12
tt0000177,short,The Burglar on the Roof,The Burglar on the Roof,0,1898,\N,1,"Crime,Short",4.6,236
tt0000178,short,The Cavalier's Dream,The Cavalier's Dream,0,1898,\N,1,"Horror,Short",5.2,170
tt0000179,short,The Cave of the Demons,La caverne maudite,0,1898,\N,\N,"Horror,Short",4.5,40
tt0000181,short,Cinderella,Cinderella,0,1898,\N,\N,"Fantasy,Short",6.8,59
tt0000182,short,"Come Along, Do!","Come Along, Do!",0,1898,\N,1,"Comedy,Short",4.9,533
tt0000183,short,The Corsican Brothers,The Corsican Brothers,0,1898,\N,\N,"Drama,Short",6,35
tt0000184,short,Cripple Creek Bar-Room Scene,Cripple Creek Bar-Room Scene,0,1899,\N,1,"Short,Western",4.9,314
tt0000186,short,Le cuirassé Maine,Le cuirassé Maine,0,1898,\N,\N,"Short,War",4.2,21
tt0000187,short,La cène,La cène,0,1898,\N,1,Short,4.9,53
tt0000188,short,The Deserter,The Deserter,0,1898,\N,\N,"Drama,Short",4,11
tt0000190,short,Dostavenícko ve mlýnici,Dostavenícko ve mlýnici,0,1898,\N,1,"Comedy,Short",4.9,140
tt0000192,short,"Ella Lola, a la Trilby","Ella Lola, a la Trilby",0,1898,\N,\N,Short,4.6,182
tt0000194,short,Express Train on a Railway Cutting,Express Train on a Railway Cutting,0,1898,\N,\N,"Documentary,Short",5.4,83
tt0000196,short,Faust and Mephistopheles,Faust and Mephistopheles,0,1898,\N,\N,"Fantasy,Short",5.2,27
tt0000197,short,La flagellation,La flagellation,0,1898,\N,1,Short,4.4,19
tt0000198,short,La fuite en Égypte,La fuite en Égypte,0,1898,\N,1,Short,4.4,19
tt0000199,short,Glasgow Fire Engine,Glasgow Fire Engine,0,1898,\N,\N,Short,4.3,13
tt0000204,short,Jésus devant Pilate,Jésus devant Pilate,0,1898,\N,\N,Short,5.7,13
tt0000205,short,Leçons de boxe,Leçons de boxe,0,1898,\N,1,"Comedy,Short,Sport",5,30
tt0000206,short,"Llegada de un tren a la estación de ferrocarril del Norte, de Barcelona","Llegada de un tren a la estación de ferrocarril del Norte, de Barcelona",0,1898,\N,\N,"Documentary,Short",5,12
tt0000207,short,London Express,London Express,0,1898,\N,\N,"Documentary,Short",5.5,12
tt0000208,short,The Miller and Chimney Sweep,The Miller and the Sweep,0,1897,\N,1,"Comedy,Short",5.7,543
tt0000209,short,Photographing a Ghost,Photographing a Ghost,0,1898,\N,\N,"Horror,Short",4.7,28
tt0000210,short,A Novice at X-rays,Les rayons Röntgen,0,1898,\N,1,Short,4.9,31
tt0000211,short,"The Astronomer's Dream; or, the Man in the Moon",La lune à un mètre,0,1898,\N,3,"Comedy,Fantasy,Horror",7.5,4103
tt0000213,short,Scène d'escamotage,Scène d'escamotage,0,1898,\N,1,Short,4.7,227
tt0000214,short,Tearing Down the Spanish Flag,Tearing Down the Spanish Flag,0,1898,\N,\N,"Short,War",4.4,93
tt0000215,short,Smích a plác,Smích a plác,0,1898,\N,\N,"Documentary,Short",4.1,121
tt0000218,short,L'affaire Dreyfus,L'affaire Dreyfus,0,1899,\N,13,"Biography,Drama,Short",5.9,617
tt0000219,short,Aladdin and the Wonderful Lamp,Aladdin and the Wonderful Lamp,0,1899,\N,\N,"Fantasy,Short",6.6,30
tt0000222,short,Au cabaret,Au cabaret,0,1899,\N,1,"Comedy,Short",4.7,225
tt0000223,short,L'aveugle,L'aveugle,0,1899,\N,\N,Short,5.4,18
tt0000225,short,Beauty and the Beast,La belle et la bête,0,1899,\N,\N,"Family,Fantasy,Romance",5.2,35
tt0000228,short,La bonne absinthe,La bonne absinthe,0,1899,\N,1,Short,4.9,265
tt0000229,short,Casey at the Bat,Casey at the Bat,0,1899,\N,1,"Short,Sport",4.4,106
tt0000230,short,Cinderella,Cendrillon,0,1899,\N,6,"Drama,Family,Fantasy",6.5,1591
tt0000231,short,Portuguese Railway Train,Portuguese Railway Train,0,1896,\N,1,"Documentary,Short",3.6,16
tt0000233,short,Choque de dos transatlánticos,Choque de dos transatlánticos,0,1899,\N,2,"Animation,Short",6,10
tt0000234,short,Cleopatra's Tomb,Cléopâtre,0,1899,\N,1,"Horror,Short",6,68
tt0000235,short,Haggard's She: The Pillar of Fire,La colonne de feu,0,1899,\N,1,"Adventure,Fantasy,Horror",6.3,828
tt0000239,short,Danse serpentine par Mme. Bob Walter,Danse serpentine par Mme. Bob Walter,0,1899,\N,2,Short,5.5,233
tt0000240,short,Distributing a War Extra,Distributing a War Extra,0,1899,\N,1,"Documentary,Short",4.4,88
tt0000242,short,The Sign of the Cross,Le diable au couvent,0,1899,\N,3,"Fantasy,Horror,Short",6.4,1136
tt0000245,short,The Haunted House,The Haunted House,0,1899,\N,\N,"Comedy,Fantasy,Horror",6.2,48
tt0000246,short,A Turn of the Century Illusionist,L'impressionniste fin de siècle,0,1899,\N,1,"Fantasy,Short",6.4,1009
tt0000247,short,King John,King John,0,1899,\N,5,"Drama,Short",5,473
tt0000248,short,A Kiss in the Tunnel,The Kiss in the Tunnel,0,1899,\N,1,"Comedy,Romance,Short",6.1,1529
tt0000251,short,Matches: An Appeal,Matches: An Appeal,0,1899,\N,1,"Animation,Short",5.4,133
tt0000253,short,The Miser's Doom,The Miser's Doom,0,1899,\N,\N,"Horror,Short",4.4,25
tt0000256,short,Panorama from the Tower of the Brooklyn Bridge,Panorama from the Tower of the Brooklyn Bridge,0,1899,\N,\N,"Documentary,Short",4.7,165
tt0000261,short,A Midnight Episode,Un bon lit,0,1899,\N,1,"Comedy,Horror,Short",5.4,62
tt0000264,short,Summoning the Spirits,Évocation spirite,0,1899,\N,1,"Fantasy,Horror,Short",5.7,418
tt0000265,short,Above the Limit,Above the Limit,0,1900,\N,\N,"Comedy,Short",4.3,136
tt0000269,short,"Army Life; or, How Soldiers Are Made: Mounted Infantry",Army Life,0,1900,\N,\N,"Documentary,Short",4.8,127
tt0000271,short,Arrivée de Pierette et Pierrot,Arrivée de Pierette et Pierrot,0,1900,\N,\N,Short,6.2,12
tt0000272,short,As Seen Through a Telescope,As Seen Through a Telescope,0,1900,\N,1,"Comedy,Short",5.6,809
tt0000273,short,Attack on a China Mission,Attack on a China Mission,0,1900,\N,4,"Action,Crime,Drama",5.5,596
tt0000274,short,Avenue de l'opéra,Avenue de l'opéra,0,1900,\N,1,"Comedy,Short",5.6,242
tt0000276,short,Bataille d'oreillers,Bataille d'oreillers,0,1900,\N,\N,Short,6.9,31
tt0000277,short,Bataille de boules de neige,Bataille de boules de neige,0,1900,\N,\N,Short,6.2,59
tt0000278,short,Buffalo Bill's Show Parade,Buffalo Bill's Show Parade,0,1900,\N,\N,Short,6,22
tt0000279,short,Buffalo Bill's Wild West Parade,Buffalo Bill's Wild West Parade,0,1900,\N,\N,"News,Short",4.4,23
tt0000280,short,Buffalo Bill's Wild West Parade,Buffalo Bill's Wild West Parade,0,1900,\N,\N,"News,Short",4.7,23
tt0000281,short,Buffalo Bill's Wild West Show,Buffalo Bill's Wild West Show,0,1900,\N,\N,"News,Short",5,22
tt0000283,short,Chez le Maréchal-Ferrant,Chez le Maréchal-Ferrant,0,1900,\N,\N,Short,5.8,17
tt0000284,short,Chez le photographe,Chez le photographe,0,1900,\N,1,Short,5.3,225
tt0000285,short,Chinese Magic,Chinese Magic,0,1900,\N,\N,"Horror,Short",5,25
tt0000286,short,Chirurgie fin de siècle,Chirurgie fin de siècle,0,1900,\N,2,"Comedy,Short",5.7,232
tt0000287,short,The Clown and the Alchemist,The Clown and the Alchemist,0,1900,\N,1,"Comedy,Fantasy,Short",4.9,157
tt0000288,short,La concierge,La concierge,0,1900,\N,1,"Comedy,Short",5.2,194
tt0000292,short,Danse du papillon,Danse du papillon,0,1900,\N,\N,"Documentary,Short",5.4,94
tt0000296,short,Danse serpentine,Danse serpentine,0,1900,\N,2,"Documentary,Short",5.8,241
tt0000299,short,Le départ d'Arlequin et de Pierrette,Le départ d'Arlequin et de Pierrette,0,1900,\N,2,Short,5.6,244
tt0000300,short,The Enchanted Drawing,The Enchanted Drawing,0,1900,\N,2,"Animation,Comedy,Fantasy",6.9,1223
tt0000301,short,Faust and Marguerite,Faust and Marguerite,0,1900,\N,1,"Fantasy,Horror,Short",4.4,397
tt0000302,short,"La fée aux choux, ou la naissance des enfants","La fée aux choux, ou la naissance des enfants",0,1900,\N,1,Short,5.1,201
tt0000304,short,Grandma's Reading Glass,Grandma's Reading Glass,0,1900,\N,2,"Family,Short",6.1,1157
tt0000306,short,Le duel d'Hamlet,Le duel d'Hamlet,0,1900,\N,2,"Drama,Short",5.4,227
tt0000307,short,Happy Hooligan,Happy Hooligan,0,1900,\N,\N,"Comedy,Short",4.9,87
tt0000308,short,The House That Jack Built,The House That Jack Built,0,1900,\N,1,Short,5.4,97
tt0000309,short,How It Feels to Be Run Over,How It Feels to Be Run Over,0,1900,\N,1,"Comedy,Short",6.1,832
tt0000310,short,Chimmie Hicks and the Rum Omelet,Chimmie Hicks and the Rum Omelet,0,1900,\N,\N,"Comedy,Short",7.3,34
tt0000313,short,Let Me Dream Again,Let Me Dream Again,0,1900,\N,1,"Comedy,Short",5.8,770
tt0000318,short,Eine moderne Jungfrau von Orleans,Eine moderne Jungfrau von Orleans,0,1900,\N,\N,Short,6.2,11
tt0000319,short,Maple Leaf Viewing,Momijigari,0,1899,\N,6,"Horror,Short",5.7,199
tt0000321,short,The Mystic Swing,The Mystic Swing,0,1900,\N,1,"Fantasy,Short",4.9,219
tt0000328,short,La petite magicienne,La petite magicienne,0,1900,\N,1,Short,6.1,14
tt0000335,short,Soldiers of the Cross,Soldiers of the Cross,0,1900,\N,40,"Biography,Drama,Short",6.1,54
tt0000337,short,Spanish Bullfight,Spanish Bullfight,0,1900,\N,1,"Short,Sport",5,361
tt0000340,short,Uncle Josh in a Spooky Hotel,Uncle Josh in a Spooky Hotel,0,1900,\N,1,"Comedy,Fantasy,Short",4.9,296
tt0000341,short,Uncle Josh's Nightmare,Uncle Josh's Nightmare,0,1900,\N,2,"Comedy,Fantasy,Short",4.9,353
tt0000346,short,Another Job for the Undertaker,Another Job for the Undertaker,0,1901,\N,2,"Comedy,Short",4.8,217
tt0000347,short,Buffalo Bill's Wild West Parade,Buffalo Bill's Wild West Parade,0,1901,\N,2,"Documentary,News,Short",4.5,111
tt0000349,short,"What Came Out of the Cheese; or, The Lilliputians in a New York Restaurant","The Cheese Mites, or Lilliputians in a London Restaurant",0,1901,\N,1,"Comedy,Short",5.5,127
tt0000350,short,The Countryman's First Sight of the Animated Pictures,The Countryman and the Cinematograph,0,1901,\N,1,"Comedy,Short",5.8,714
tt0000352,short,Day at the Circus,Day at the Circus,0,1901,\N,2,"Documentary,Short",5.6,51
tt0000353,short,Execution of Czolgosz with Panorama of Auburn Prison,Execution of Czolgosz with Panorama of Auburn Prison,0,1901,\N,4,"Drama,History,Short",5.3,346
tt0000355,short,Fire!,Fire!,0,1901,\N,5,"Action,Drama,Short",6.2,688
tt0000357,short,The Haunted Curiosity Shop,The Haunted Curiosity Shop,0,1901,\N,2,"Comedy,Fantasy,Horror",5.8,433
tt0000358,short,History of a Crime,Histoire d'un crime,0,1901,\N,5,"Crime,Drama,Short",6.2,691
tt0000359,short,The India Rubber Head,L'homme à la tête en caoutchouc,0,1901,\N,3,"Comedy,Fantasy,Short",7.1,2860
tt0000361,short,Lavatory moderne,Lavatory moderne,0,1901,\N,\N,Short,8.1,25
tt0000363,short,Magical Sword,The Magic Sword,0,1901,\N,2,"Fantasy,Romance,Short",6.3,150
tt0000364,short,Panorama of Esplanade by Night,Panorama of Esplanade by Night,0,1901,\N,1,"Documentary,Short",5.6,162
tt0000368,short,Little Red Riding Hood,Le petit chaperon rouge,0,1901,\N,\N,"Fantasy,Short",6.2,22
tt0000370,short,Scrooge; or Marley's Ghost,Scrooge; or Marley's Ghost,0,1901,\N,6,"Drama,Fantasy,Horror",5.6,472
tt0000373,short,The Devil's Seven Castles,Les sept châteaux du diable,0,1902,\N,11,"Drama,Horror,Short",6.5,82
tt0000376,short,A táncz,A táncz,0,1901,\N,\N,"Documentary,Short",6.5,19
tt0000377,short,Undressing Extraordinary,Undressing Extraordinary,0,1901,\N,3,"Comedy,Fantasy,Short",6.2,119
tt0000379,short,Visita de la escuadra inglesa a Barcelona,Visita de la escuadra inglesa a Barcelona,0,1901,\N,6,"Documentary,Short",5.2,10
tt0000380,short,Sleeping Beauty,La belle au bois dormant,0,1903,\N,\N,"Drama,Fantasy,Short",7.2,27
tt0000381,short,Buffalo Bill's Wild West Show,Buffalo Bill's Wild West Show,0,1902,\N,\N,"News,Short",4.1,25
tt0000384,short,Miss Dundee and Her Performing Dogs,Les chiens savants,0,1902,\N,3,"Documentary,Short",5.8,266
tt0000387,short,The Coronation of King Edward VII,The Coronation of Edward VII,0,1902,\N,4,"History,Short",5.2,358
tt0000388,short,Danse excentrique,Danse excentrique,0,1902,\N,2,Short,5.2,127
tt0000399,short,Jack and the Beanstalk,Jack and the Beanstalk,0,1902,\N,10,"Fantasy,Short",6.1,736
tt0000400,short,Le lion savant,Le lion savant,0,1902,\N,\N,"Comedy,Short",6.4,16
tt0000402,short,Mother Goose Nursery Rhymes,Mother Goose Nursery Rhymes,0,1902,\N,\N,"Comedy,Short",6.7,10
tt0000406,short,The Prince of Darkness,The Prince of Darkness,0,1900,\N,\N,"Horror,Short",5.4,44
tt0000407,short,Procesión de las hijas de María de la parroquia de Sans,Procesión de las hijas de María de la parroquia de Sans,0,1902,\N,2,"Documentary,Short",3.8,38
tt0000409,short,Midwife to the Upper Classes,Sage-femme de première classe,0,1902,\N,4,"Comedy,Short",5.2,226
tt0000410,short,Demolishing and Building Up the Star Theatre,Demolishing and Building Up the Star Theatre,0,1901,\N,2,"Documentary,Short",6.7,991
tt0000412,short,The Troublesome Fly,The Troublesome Fly,0,1900,\N,\N,"Comedy,Horror,Short",4.1,25
tt0000413,short,The Devil's Money Bags,Les trésors de satan,0,1902,\N,3,"Comedy,Fantasy,Horror",5.5,436
tt0000414,short,Uncle Josh at the Moving Picture Show,Uncle Josh at the Moving Picture Show,0,1902,\N,2,"Comedy,Short",5.4,739
tt0000416,short,Alcohol and Its Victims,Les victimes de l'alcoolisme,0,1902,\N,4,"Drama,Short",5.3,154
tt0000417,short,A Trip to the Moon,Le voyage dans la lune,0,1902,\N,13,"Action,Adventure,Comedy",8.2,48693
tt0000420,short,Alice in Wonderland,Alice in Wonderland,0,1903,\N,8,"Family,Fantasy,Short",6.2,2606
tt0000422,short,Les aventures d'un voyageur trop pressé,Les aventures d'un voyageur trop pressé,0,1903,\N,\N,Short,6,9
tt0000423,short,The Enchanted Box,La boîte à malice,0,1903,\N,1,"Fantasy,Short",5.5,228
tt0000425,short,Buffalo Bill's Parade,Buffalo Bill's Parade,0,1903,\N,\N,"Documentary,Short",5.4,25
tt0000426,short,Buffalo Bill's Street Parade,Buffalo Bill's Street Parade,0,1903,\N,\N,"Documentary,Short",4.8,21
tt0000430,short,A Chess Dispute,A Chess Dispute,0,1903,\N,1,"Comedy,Short",5.9,676
tt0000432,short,How Monsieur Takes His Bath,Comment monsieur prend son bain,0,1903,\N,1,"Comedy,Short",5.7,214
tt0000436,short,An Extraordinary Cab Accident,An Extraordinary Cab Accident,0,1903,\N,1,"Comedy,Short",6.2,500
tt0000437,short,Faust et Méphistophélès,Faust et Méphistophélès,0,1903,\N,2,"Drama,Horror,Short",5.2,253
tt0000439,short,The Great Train Robbery,The Great Train Robbery,0,1903,\N,11,"Action,Adventure,Crime",7.3,19037
tt0000440,short,La guirlande merveilleuse,La guirlande merveilleuse,0,1903,\N,4,"Fantasy,Short",5.5,216
tt0000442,short,Capital Execution,Henrettelsen,0,1903,\N,\N,"Drama,Short",4.7,79
tt0000443,short,Hiawatha,"Hiawatha, the Messiah of the Ojibway",0,1903,\N,15,"Adventure,Drama,Short",6.2,11
tt0000446,short,Kit Carson,Kit Carson,0,1903,\N,21,"Short,Western",6.3,25
tt0000447,short,Life of an American Fireman,Life of an American Fireman,0,1903,\N,6,"Action,Short",6.4,2396
tt0000451,short,Mary Jane's Mishap,Mary Jane's Mishap,0,1903,\N,4,"Comedy,Short",6.6,876
tt0000452,short,The Messenger Boy's Mistake,The Messenger Boy's Mistake,0,1903,\N,2,"Comedy,Romance,Short",4.6,109
tt0000455,short,The Music Lover,Le mélomane,0,1903,\N,3,"Comedy,Music,Short",6.8,1805
tt0000456,short,N.Y. Fire Department Returning,N.Y. Fire Department Returning,0,1903,\N,\N,"Documentary,Short",4.2,62
tt0000459,short,"Panorama of Riker's Island, N.Y.","Panorama of Riker's Island, N.Y.",0,1903,\N,2,"Documentary,Short",4.5,75
tt0000460,short,The Pioneers,The Pioneers,0,1903,\N,15,"Short,Western",6.6,17
tt0000464,short,Rip Van Winkle,Rip Van Winkle,0,1903,\N,4,"Comedy,Short",4.7,434
tt0000465,short,The Kingdom of the Fairies,Le royaume des fées,0,1903,\N,16,"Adventure,Fantasy,Short",7.3,1535
tt0000469,short,The Sick Kitten,The Sick Kitten,0,1903,\N,1,"Comedy,Family,Short",5.8,1030
tt0000471,short,Uncle Tom's Cabin,Uncle Tom's Cabin,0,1903,\N,13,"Drama,Short",5.1,483
tt0000472,short,Uncle Tom's Cabin,Uncle Tom's Cabin,0,1903,\N,\N,"Drama,Short",6.6,23
tt0000479,short,Rum vs. Cherries,Buy Your Own Cherries,0,1904,\N,4,"Drama,Short",5.3,382
tt0000480,short,Le coffre enchanté,Le coffre enchanté,0,1904,\N,3,"Fantasy,Short",5.1,194
tt0000487,short,The Great Train Robbery,The Great Train Robbery,0,1904,\N,8,"Short,Western",6.9,507
tt0000488,short,The Land Beyond the Sunset,The Land Beyond the Sunset,0,1912,\N,14,"Drama,Fantasy,Short",6.9,791
tt0000491,short,Opening the Williamsburg Bridge,Opening the Williamsburg Bridge,0,1904,\N,1,"News,Short",3.9,65
tt0000492,short,Personal,Personal,0,1904,\N,6,"Comedy,Short",4.8,121
tt0000495,short,The Pearl Fisher,Le pêcheur de perles,0,1907,\N,12,"Fantasy,Short",6,110
tt0000496,short,Railroad Smashup,Railroad Smashup,0,1904,\N,\N,"Action,Short",6,64
tt0000497,short,A Railway Tragedy,A Railway Tragedy,0,1904,\N,5,"Crime,Short",5.2,79
tt0000498,short,Rescued by Rover,Rescued by Rover,0,1905,\N,7,"Crime,Drama,Family",6.7,1170
tt0000499,short,The Impossible Voyage,Le voyage à travers l'impossible,0,1904,\N,24,"Action,Adventure,Family",7.5,3547
tt0000501,short,Adventures of Sherlock Holmes,Adventures of Sherlock Holmes,0,1905,\N,\N,"Crime,Drama,Mystery",4.8,51
tt0000502,movie,Bohemios,Bohemios,0,1905,\N,100,\N,4.5,14
tt0000505,short,The Wig Chase,La course à la perruque,0,1906,\N,\N,"Comedy,Short",6.7,26
tt0000506,short,The Effects of Too Much Scotch,"D.T.'s, or the Effect of Drink",0,1905,\N,\N,"Drama,Short",5.8,9
tt0000507,short,Departure of Peary and the Roosevelt from New York,Departure of Peary and the Roosevelt from New York,0,1905,\N,4,"News,Short",3.8,57
tt0000509,short,The Inexperienced Chauffeur,Les débuts d'un chauffeur,0,1906,\N,3,"Comedy,Short",6,44
tt0000511,short,Esmeralda,Esmeralda,0,1905,\N,10,"Drama,Short",6.6,43
tt0000512,short,Funeral of Hiram Cronk,Funeral of Hiram Cronk,0,1905,\N,4,"Documentary,News,Short",4.5,68
tt0000515,short,Los guapos del parque,Los guapos del parque,0,1904,\N,6,"Comedy,Short",4.9,93
tt0000516,short,The Electric Hotel,El hotel eléctrico,0,1908,\N,8,"Animation,Fantasy,Sci-Fi",6.6,1000
tt0000519,short,The Kleptomaniac,The Kleptomaniac,0,1905,\N,8,"Crime,Drama,Short",5.8,363
tt0000520,short,The Life of Charles Peace,The Life of Charles Peace,0,1905,\N,14,"Biography,Crime,Short",6.3,55
tt0000521,short,The Little Train Robbery,The Little Train Robbery,0,1905,\N,12,"Action,Crime,Family",5.5,298
tt0000524,short,New York Subway,New York Subway,0,1905,\N,6,"Documentary,Short",5.8,740
tt0000525,short,Hanging at Jefferson City,Pendaison à Jefferson City,0,1910,\N,7,"Short,Western",5.5,49
tt0000526,short,Pennsylvania Tunnel Excavation,Pennsylvania Tunnel Excavation,0,1905,\N,3,"Documentary,Short",4.4,65
tt0000528,short,"Raffles, the Amateur Cracksman","Raffles, the Amateur Cracksman",0,1905,\N,15,"Adventure,Romance,Short",6.5,17
tt0000533,short,The Wooing and Wedding of a Coon,The Wooing and Wedding of a Coon,0,1907,\N,\N,"Comedy,Short",6.8,40
tt0000534,short,The '?' Motorist,The '?' Motorist,0,1906,\N,3,"Comedy,Fantasy,Sci-Fi",6.6,1137
tt0000535,short,The Anarchist's Mother-in-Law,Anarkistens svigermor,0,1906,\N,4,"Comedy,Short",5,59
tt0000537,short,"Arrival of Immigrants, Ellis Island","Arrival of Immigrants, Ellis Island",0,1906,\N,4,"Documentary,Short",4.5,91
tt0000543,short,Kong Christian d. IXs Bisættelse,Kong Christian d. IXs Bisættelse,0,1906,\N,15,"Documentary,Short",5.2,17
tt0000546,short,Dream of a Rarebit Fiend,Dream of a Rarebit Fiend,0,1906,\N,7,"Comedy,Fantasy,Short",6.7,1850
tt0000548,short,Fiskerliv i Norden,Fiskerliv i Norden,0,1906,\N,\N,Short,6.2,8
tt0000550,short,Proklamationen af Kong Frederik d. VIII,Proklamationen af Kong Frederik d. VIII,0,1906,\N,3,"News,Short",4.4,13
tt0000552,short,The Hand of the Artist,The Hand of the Artist,0,1907,\N,2,"Animation,Short",5.9,59
tt0000553,short,The Haunted Hotel,The Haunted Hotel,0,1907,\N,5,"Comedy,Fantasy,Horror",6.5,409
tt0000554,short,Humorous Phases of Funny Faces,Humorous Phases of Funny Faces,0,1906,\N,3,"Animation,Comedy,Family",6.3,1278
tt0000555,short,Den hvide slavinde,Den hvide slavinde,0,1907,\N,7,Short,5.2,17
tt0000557,short,Kathleen Mavourneen,Kathleen Mavourneen,0,1906,\N,15,"Drama,Romance,Short",4.7,132
tt0000561,short,The Life of a Cowboy,The Life of a Cowboy,0,1906,\N,13,"Short,Western",5.2,51
tt0000565,short,The Night Before Christmas,The Night Before Christmas,0,1905,\N,9,"Animation,Family,Fantasy",6.3,583
tt0000567,short,The 400 Tricks of the Devil,Les quatre cents farces du diable,0,1906,\N,17,"Fantasy,Horror,Short",6.8,1171
tt0000570,short,San Francisco Disaster,San Francisco Disaster,0,1906,\N,3,"Documentary,Short",4.1,52
tt0000571,short,The San Francisco Earthquake,The San Francisco Earthquake,0,1906,\N,14,"Documentary,History,Short",6.9,68
tt0000574,movie,The Story of the Kelly Gang,The Story of the Kelly Gang,0,1906,\N,70,"Action,Adventure,Biography",6,771
tt0000575,short,"20,000 Leagues Under the Sea",20000 lieues sous les mers,0,1907,\N,10,"Adventure,Fantasy,Sci-Fi",5.7,494
tt0000576,short,Ali Baba and the Forty Thieves,Ali Baba et les quarante voleurs,0,1907,\N,13,"Drama,Fantasy,Short",6.1,227
tt0000578,short,"An Awful Skate; or, the Hobo on Rollers","An Awful Skate; or, The Hobo on Rollers",0,1907,\N,\N,"Comedy,Family,Short",7.1,28
tt0000581,short,Bauernhaus und Grafenschloß,Bauernhaus und Grafenschloß,0,1907,\N,\N,Short,6,12
tt0000582,short,Ben Hur,Ben Hur,0,1907,\N,15,"Drama,Short",4.7,698
tt0000583,short,The Lady with the Camellias,Kameliadamen,0,1907,\N,14,"Drama,Romance,Short",5.2,47
tt0000584,short,El ciego de la aldea,El ciego de la aldea,0,1907,\N,8,"Crime,Drama,Short",5.1,79
tt0000586,short,A Curious Dream,A Curious Dream,0,1907,\N,\N,"Drama,Short",6,23
tt0000591,movie,The Prodigal Son,L'enfant prodigue,0,1907,\N,90,Drama,4.5,18
tt0000594,short,The Flight from the Seraglio,Flugten fra seraillet,0,1907,\N,9,"Drama,Short",5.5,13
tt0000595,short,From the Rococo Times,Rosen,0,1908,\N,9,"Drama,Short",5.7,11
tt0000596,short,Fyrtøjet,Fyrtøjet,0,1907,\N,10,Short,5.1,18
tt0000597,short,The Magic Mirror,Les glaces merveilleuses,0,1907,\N,7,Short,5,67
tt0000598,short,"Hamlet, Prince of Denmark",Hamlet,0,1907,\N,10,"Drama,Short",5.2,36
tt0000599,short,Polar Bear Hunt,Isbjørnejagten,0,1907,\N,\N,"Documentary,Drama,Short",4.7,14
tt0000601,short,Lohengrin,Lohengrin,0,1910,\N,\N,"Drama,Music,Musical",5.8,12
tt0000602,short,Lion Hunting,Løvejagten,0,1907,\N,10,"Adventure,Drama,Short",4.6,219
tt0000606,short,Mr. Gay and Mrs.,Mr. Gay and Mrs.,0,1907,\N,\N,"Comedy,Short",7.6,15
tt0000608,short,En ny hat til Madammen,En ny hat til Madammen,0,1906,\N,6,"Comedy,Short",6.4,14
tt0000609,short,Othello,Otello,0,1906,\N,\N,"Drama,Music,Romance",4.4,19
tt0000610,short,Othello,Othello,0,1907,\N,\N,"Drama,Romance,Short",5.4,21
tt0000613,short,O Rapto de Uma Actriz,O Rapto de Uma Actriz,0,1907,\N,\N,"Drama,Short",4.3,13
tt0000614,short,The Red Spectre,Le spectre rouge,0,1907,\N,9,"Fantasy,Horror,Short",6.6,1042
tt0000615,movie,Robbery Under Arms,Robbery Under Arms,0,1907,\N,\N,Drama,4.5,23
tt0000617,short,The Robber's Sweetheart,Røverens brud,0,1907,\N,12,"Drama,Short",4.8,34
tt0000618,short,Salaviinanpolttajat,Salaviinanpolttajat,0,1907,\N,20,"Comedy,Short",8.7,14
tt0000621,short,That Fatal Sneeze,That Fatal Sneeze,0,1907,\N,6,"Comedy,Fantasy,Short",6.5,580
tt0000624,short,The Ugly Duckling,The Ugly Duckling,0,1907,\N,\N,Short,8.2,15
tt0000627,short,'Ostler Joe,'Ostler Joe,0,1908,\N,\N,"Drama,Short",6.1,62
tt0000628,short,The Adventures of Dollie,The Adventures of Dollie,0,1908,\N,12,"Action,Short",5.7,821
tt0000629,short,After Many Years,After Many Years,0,1908,\N,17,"Drama,Short",5.7,86
tt0000630,movie,Hamlet,Amleto,0,1908,\N,\N,Drama,3.9,25
tt0000632,short,Amor que mata,Amor que mata,0,1908,\N,14,Short,5.1,51
tt0000634,short,Antony and Cleopatra,Antony and Cleopatra,0,1908,\N,\N,"Drama,History,Romance",4.7,26
tt0000637,short,The Assassination of the Duke de Guise,L'assassinat du duc de Guise,0,1908,\N,15,"Drama,History,Short",5.5,681
tt0000638,short,At the Crossroads of Life,At the Crossroads of Life,0,1908,\N,9,"Drama,Short",5.3,84
tt0000639,short,At the French Ball,At the French Ball,0,1908,\N,7,"Comedy,Short",5.3,92
tt0000640,short,An Awful Moment,An Awful Moment,0,1908,\N,12,"Drama,Short",4.5,137
tt0000641,short,Balked at the Altar,Balked at the Altar,0,1908,\N,12,"Comedy,Short",4.8,163
tt0000642,short,The Bandit's Waterloo,The Bandit's Waterloo,0,1908,\N,12,"Action,Short",5.5,67
tt0000644,short,Behind the Scenes,Behind the Scenes,0,1908,\N,9,"Drama,Short",5.5,63
tt0000645,short,Betrayed by a Handprint,Betrayed by a Handprint,0,1908,\N,9,"Crime,Short",5.1,168
tt0000648,short,The Black Viper,The Black Viper,0,1908,\N,10,"Drama,Short",4.6,157
tt0000650,short,The Boston Tea Party,The Boston Tea Party,0,1908,\N,\N,"Drama,History,Short",8,21
tt0000651,short,"The Boy Detective, or the Abductors Foiled","The Boy Detective, or The Abductors Foiled",0,1908,\N,5,"Comedy,Drama,Short",5.1,61
tt0000653,short,A Calamitous Elopement,A Calamitous Elopement,0,1908,\N,12,"Comedy,Short",4.5,206
tt0000654,short,The Call of the Wild,The Call of the Wild,0,1908,\N,16,"Action,Short",5.2,104
tt0000658,short,The Puppet's Nightmare,Le cauchemar de Fantoche,0,1908,\N,2,"Animation,Short",6.5,229
tt0000659,short,Caught by Wireless,Caught by Wireless,0,1908,\N,10,"Drama,Short",5.2,78
tt0000660,short,The Christmas Burglars,The Christmas Burglars,0,1908,\N,11,"Comedy,Short",5.8,63
tt0000661,short,Humanity Through the Ages,La civilisation à travers les âges,0,1908,\N,\N,Short,6.7,18
tt0000662,short,Classmates,Classmates,0,1908,\N,\N,"Drama,Romance,Short",4.7,64
tt0000663,short,The Clubman and the Tramp,The Clubman and the Tramp,0,1908,\N,17,"Comedy,Short",5.6,62
tt0000665,short,Concealing a Burglar,Concealing a Burglar,0,1908,\N,11,"Drama,Short",5.8,64
tt0000666,short,Corrida de toros con Antonio Fuentes,Corrida de toros con Antonio Fuentes,0,1908,\N,25,"Documentary,Short,Sport",5.8,32
tt0000668,short,The Count of Monte Cristo,The Count of Monte Cristo,0,1908,\N,14,"Action,Drama,Short",7.1,50
tt0000669,short,Cupid's Pranks,Cupid's Pranks,0,1908,\N,10,"Comedy,Fantasy,Short",4.8,154
tt0000671,short,Desdemona,Desdemona,0,1908,\N,\N,"Drama,Short",6.7,16
tt0000672,short,The Devil,The Devil,0,1908,\N,10,"Drama,Short",6.2,45
tt0000673,short,La Dolores,La Dolores,0,1908,\N,15,Short,5.9,11
tt0000674,short,Don Juan Tenorio,Don Juan Tenorio,0,1908,\N,15,"Drama,Short",4.8,46
tt0000675,movie,Don Quijote,Don Quijote,0,1908,\N,\N,Drama,4.9,19
tt0000676,short,Don Álvaro o la fuerza del sino,Don Álvaro o la fuerza del sino,0,1908,\N,\N,"Drama,Short",4.4,17
tt0000677,short,Ex-Convict No. 900,Ex-Convict No. 900,0,1908,\N,\N,"Drama,Short",7.6,21
tt0000679,movie,The Fairylogue and Radio-Plays,The Fairylogue and Radio-Plays,0,1908,\N,120,"Adventure,Fantasy",5.3,66
tt0000680,short,Falsely Accused!,Falsely Accused!,0,1908,\N,\N,"Drama,Short",5.8,48
tt0000681,short,A Famous Escape,A Famous Escape,0,1908,\N,\N,"Drama,Short",5.9,41
tt0000682,short,A Fantasy,Fantasmagorie,0,1908,\N,2,"Animation,Comedy,Family",6.9,2488
tt0000683,short,The Fatal Hour,The Fatal Hour,0,1908,\N,14,"Crime,Short",5.5,81
tt0000684,short,Father Gets in the Game,Father Gets in the Game,0,1908,\N,10,"Comedy,Short",5.2,119
tt0000685,short,The Feud and the Turkey,The Feud and the Turkey,0,1908,\N,15,"Drama,Romance,Short",5.9,48
tt0000689,short,For Love of Gold,For Love of Gold,0,1908,\N,9,"Crime,Short",6.5,57
tt0000690,short,For a Wife's Honor,For a Wife's Honor,0,1908,\N,8,"Drama,Short",6.4,43
tt0000694,short,The Girl and the Outlaw,The Girl and the Outlaw,0,1908,\N,14,"Action,Short,Western",5.1,51
tt0000695,short,The Greaser's Gauntlet,The Greaser's Gauntlet,0,1908,\N,17,"Action,Short",5.8,53
tt0000697,short,The Guerrilla,The Guerrilla,0,1908,\N,15,"Action,Short,War",4.6,30
tt0000698,short,The Heart of O Yama,The Heart of O Yama,0,1908,\N,15,"Drama,Romance,Short",5.4,26
tt0000699,short,The Helping Hand,The Helping Hand,0,1908,\N,15,"Drama,Short",6,27
tt0000700,short,Her First Adventure,Her First Adventure,0,1908,\N,6,"Drama,Short",5.4,68
tt0000704,short,The Humpty Dumpty Circus,The Humpty Dumpty Circus,0,1898,\N,\N,"Animation,Comedy,Short",5.6,52
tt0000706,short,"Ingomar, the Barbarian","Ingomar, the Barbarian",0,1908,\N,13,"Drama,Romance,Short",5.1,31
tt0000707,short,The Ingrate,The Ingrate,0,1908,\N,15,"Action,Short",5.4,27
tt0000708,short,The Invisible Fluid,The Invisible Fluid,0,1908,\N,12,"Comedy,Short",4.6,34
tt0000709,short,Julius Caesar,Julius Caesar,0,1908,\N,13,"Drama,History,Short",5.5,56
tt0000711,short,The Kentuckian,The Kentuckian,0,1908,\N,\N,"Short,Western",4.4,23
tt0000713,short,The King's Messenger,The King's Messenger,0,1908,\N,\N,"Drama,Short",6,22
tt0000717,short,Macbeth,Macbeth,0,1908,\N,9,"Drama,Short",5.9,19
tt0000720,short,The Man and the Woman,The Man and the Woman,0,1908,\N,13,"Drama,Short",6.5,18
tt0000722,short,The Red Barn Mystery,Maria Marten,0,1908,\N,\N,"Drama,Short",5.4,12
tt0000724,short,The Merchant of Venice,The Merchant of Venice,0,1908,\N,9,"Drama,Short",5.2,41
tt0000727,short,Monday Morning in a Coney Island Police Court,Monday Morning in a Coney Island Police Court,0,1908,\N,7,"Comedy,Short",6,20
tt0000728,short,Money Mad,Money Mad,0,1908,\N,11,"Crime,Drama,Short",5.9,120
tt0000730,short,Mr. Jones at the Ball,Mr. Jones at the Ball,0,1908,\N,8,"Comedy,Short",5.8,61
tt0000731,short,Mrs. Jones Entertains,Mrs. Jones Entertains,0,1909,\N,11,"Comedy,Short",4.9,24
tt0000733,short,"Old Isaacs, the Pawnbroker","Old Isaacs, the Pawnbroker",0,1908,\N,10,"Drama,Short",6.2,31
tt0000734,short,Othello,Othello,0,1908,\N,\N,"Drama,Romance,Short",4.2,14
tt0000736,short,The Outlaw,The Outlaw,0,1908,\N,\N,"Short,Western",5.4,16
tt0000737,short,Over the Hill to the Poorhouse,Over the Hill to the Poorhouse,0,1908,\N,13,"Drama,Short",5.2,32
tt0000738,short,The Paris Hat,The Paris Hat,0,1908,\N,\N,Short,8,20
tt0000739,short,El pastorcito de Torrente,El pastorcito de Torrente,0,1908,\N,\N,"Drama,Short",6.2,16
tt0000740,short,The Pirate's Gold,The Pirate's Gold,0,1908,\N,16,"Action,Short",5.6,19
tt0000741,short,The Planter's Wife,The Planter's Wife,0,1908,\N,14,"Action,Drama,Short",5.4,20
tt0000743,short,The Princess in the Vase,The Princess in the Vase,0,1908,\N,\N,"Comedy,Short",6.8,15
tt0000746,short,The Reckoning,The Reckoning,0,1908,\N,8,"Drama,Short",7.4,20
tt0000747,short,The Red Girl,The Red Girl,0,1908,\N,17,"Action,Short",5.2,21
tt0000748,short,The Red Man and the Child,The Red Man and the Child,0,1908,\N,14,"Action,Short,Western",5.7,27
tt0000749,short,Rescued from an Eagle's Nest,Rescued from an Eagle's Nest,0,1908,\N,8,"Action,Short",5.7,776
tt0000750,short,Richard III,Richard III,0,1908,\N,\N,"Drama,Short",7.5,15
tt0000752,short,Romance of a Jewess,Romance of a Jewess,0,1908,\N,10,"Drama,Short",5.1,118
tt0000754,short,Romeo and Juliet,Romeo and Juliet,0,1908,\N,\N,"Drama,Romance,Short",7.3,59
tt0000755,short,The Dream of an Opium Fiend,Le rêve d'un fumeur d'opium,0,1908,\N,4,Short,5.8,196
tt0000756,short,The Sculptor's Nightmare,The Sculptor's Nightmare,0,1908,\N,11,"Comedy,Short",5.4,117
tt0000758,short,Sherlock Holmes,Sherlock Holmes i Livsfare,0,1908,\N,\N,"Mystery,Short",6.2,30
tt0000759,short,Sherlock Holmes II: Raffles Escaped from Prison,Sherlock Holmes II,0,1909,\N,\N,"Comedy,Short",7.9,12
tt0000760,short,Sherlock Holmes III: The Detective's Adventure in the Gas Cellar,Sherlock Holmes III,0,1909,\N,\N,"Drama,Mystery,Short",6.6,9
tt0000762,short,A Smoked Husband,A Smoked Husband,0,1908,\N,8,"Comedy,Short",6,20
tt0000764,short,The Song of the Shirt,The Song of the Shirt,0,1908,\N,11,"Drama,Short",5.7,130
tt0000765,short,The Stage Rustler,The Stage Rustler,0,1908,\N,\N,"Short,Western",5.8,16
tt0000767,short,The Stolen Jewels,The Stolen Jewels,0,1908,\N,11,"Drama,Short",6.8,19
tt0000769,short,Knight of Black Art,Le tambourin fantastique,0,1908,\N,6,Short,5.3,154
tt0000770,short,The Taming of the Shrew,The Taming of the Shrew,0,1908,\N,17,"Comedy,Romance,Short",5.5,144
tt0000771,short,The Tavern Keeper's Daughter,The Tavern Keeper's Daughter,0,1908,\N,7,"Action,Short",6,23
tt0000772,short,The Test of Friendship,The Test of Friendship,0,1908,\N,13,"Drama,Short",6.2,20
tt0000775,short,Susceptible Youth,Trop crédules,0,1908,\N,\N,"Comedy,Short",7.9,11
tt0000776,short,The Last Days of Pompeii,Gli ultimi giorni di Pompei,0,1908,\N,17,"Drama,Short",5.9,88
tt0000778,short,The Valet's Wife,The Valet's Wife,0,1908,\N,\N,"Comedy,Short",6.6,16
tt0000779,short,The Vaquero's Vow,The Vaquero's Vow,0,1908,\N,13,"Action,Romance,Short",5.7,18
tt0000781,short,The Viking's Daughter: The Story of the Ancient Norsemen,The Viking's Daughter: The Story of the Ancient Norsemen,0,1908,\N,\N,"Adventure,Drama,Romance",6.6,19
tt0000782,short,"A Visit to the Seaside at Brighton Beach, England",A Visit to the Seaside,0,1910,\N,8,"Documentary,Short",7.7,19
tt0000784,short,When Knights Were Bold,When Knights Were Bold,0,1908,\N,\N,Short,5.8,21
tt0000785,short,Where the Breakers Roar,Where the Breakers Roar,0,1908,\N,9,"Drama,Short",5.4,60
tt0000787,short,A Woman's Way,A Woman's Way,0,1908,\N,11,"Action,Short",5.8,21
tt0000789,short,The Zulu's Heart,The Zulu's Heart,0,1908,\N,13,"Action,Short",5.1,56
tt0000790,short,The Battle in the Clouds,The Airship Destroyer,0,1909,\N,11,"Fantasy,Sci-Fi,Short",6.2,337
tt0000792,short,And a Little Child Shall Lead Them,And a Little Child Shall Lead Them,0,1909,\N,4,"Drama,Short",5,70
tt0000793,movie,Andreas Hofer,Andreas Hofer,0,1909,\N,\N,Drama,5,20
tt0000797,short,At the Altar,At the Altar,0,1909,\N,11,"Drama,Short",5.4,164
tt0000798,short,An Attempt to Smash a Bank,An Attempt to Smash a Bank,0,1909,\N,11,"Drama,Short",4.6,14
tt0000800,short,The Awakening,The Awakening,0,1909,\N,8,"Comedy,Drama,Short",5.4,109
tt0000801,short,A Baby's Shoe,A Baby's Shoe,0,1909,\N,11,"Drama,Short",5.4,74
tt0000803,short,The Child Benefactor,Barnet som Velgører,0,1909,\N,14,"Drama,Short",6.7,8
tt0000807,short,The Better Way,The Better Way,0,1909,\N,11,"Drama,Short",5,62
tt0000809,short,Bill Sharkey's Last Game,Bill Sharkey's Last Game,0,1910,\N,\N,"Short,Western",6.2,62
tt0000815,short,The Brahma Diamond,The Brahma Diamond,0,1909,\N,11,Short,5,66
tt0000816,short,The Broken Locket,The Broken Locket,0,1909,\N,11,"Drama,Short",4.8,122
tt0000817,short,A Message to Napoleon,Et budskab til Napoleon paa Elba,0,1909,\N,14,"Drama,Short",4.5,17
tt0000819,short,A Burglar's Mistake,A Burglar's Mistake,0,1909,\N,10,Short,5.5,67
tt0000821,short,The Cardinal's Conspiracy,The Cardinal's Conspiracy,0,1909,\N,11,"Drama,Short",4.9,115
tt0000823,short,A Change of Heart,A Change of Heart,0,1909,\N,11,"Drama,Short",4.8,54
tt0000825,short,The Children's Friend,The Children's Friend,0,1909,\N,4,"Drama,Short",4.8,56
tt0000826,short,Choosing a Husband,Choosing a Husband,0,1909,\N,6,"Comedy,Short",4.8,55
tt0000827,short,"Comata, the Sioux","Comata, the Sioux",0,1909,\N,10,"Short,Western",5.3,91
tt0000828,short,Confidence,Confidence,0,1909,\N,11,"Drama,Short",5.3,107
tt0000829,short,A Convict's Sacrifice,A Convict's Sacrifice,0,1909,\N,11,"Drama,Short",4.7,59
tt0000831,short,The Cord of Life,The Cord of Life,0,1909,\N,9,"Crime,Drama,Short",5.3,131
tt0000832,short,A Corner in Wheat,A Corner in Wheat,0,1909,\N,14,"Crime,Drama,Short",6.6,2427
tt0000833,short,The Country Doctor,The Country Doctor,0,1909,\N,14,"Drama,Short",6.4,671
tt0000835,short,The Cricket on the Hearth,The Cricket on the Hearth,0,1909,\N,10,Short,4.9,148
tt0000836,short,Os Crimes de Diogo Alves,Os Crimes de Diogo Alves,0,1909,\N,16,Short,4.8,47
tt0000837,short,The Criminal Hypnotist,The Criminal Hypnotist,0,1909,\N,10,"Crime,Short",5.5,43
tt0000840,short,The Curtain Pole,The Curtain Pole,0,1909,\N,13,"Comedy,Short",5.6,327
tt0000841,short,The Day After,The Day After,0,1909,\N,8,"Comedy,Short",5.2,71
tt0000843,short,The Death Disc: A Story of the Cromwellian Period,The Death Disc: A Story of the Cromwellian Period,0,1909,\N,11,"Drama,Short",5.7,41
tt0000844,short,The Death of Ivan the Terrible,Smert Ioanna Groznogo,0,1909,\N,\N,"Drama,History,Short",6.2,18
tt0000845,short,The Deception,The Deception,0,1909,\N,7,"Drama,Short",5,43
tt0000847,short,Don Juan heiratet,Don Juan heiratet,0,1909,\N,10,Short,6.3,17
tt0000848,short,The Painting of a Miraculous Spider,La toile d'araignée merveilleuse,0,1908,\N,\N,Short,5.5,24
tt0000851,short,The Drive for a Life,The Drive for a Life,0,1909,\N,10,"Drama,Short",5.3,46
tt0000852,short,A Drunkard's Reformation,A Drunkard's Reformation,0,1909,\N,13,"Drama,Short",5.7,230
tt0000853,short,The Eavesdropper,The Eavesdropper,0,1909,\N,7,"Drama,Short",5.7,41
tt0000854,short,Edgar Allan Poe,Edgar Allan Poe,0,1909,\N,7,"Biography,Drama,Short",5.9,500
tt0000855,short,Eloping with Auntie,Eloping with Auntie,0,1909,\N,7,Short,5.7,51
tt0000857,short,Eradicating Aunty,Eradicating Aunty,0,1909,\N,6,"Comedy,Short",5.2,38
tt0000858,short,The Expiation,The Expiation,0,1909,\N,11,"Drama,Short",5.2,38
tt0000860,short,The Faded Lilies,The Faded Lilies,0,1909,\N,5,"Drama,Short",4.8,72
tt0000861,short,A Fair Exchange,A Fair Exchange,0,1909,\N,11,"Drama,Short",5.3,60
tt0000862,movie,Faldgruben,Faldgruben,0,1909,\N,\N,\N,5.1,16
tt0000864,short,The Fascinating Mrs. Francis,The Fascinating Mrs. Francis,0,1909,\N,5,"Comedy,Short",5.9,60
tt0000866,short,Fellow Clerks,Fellow Clerks,0,1909,\N,\N,"Crime,Drama,Short",6.3,9
tt0000870,short,A Fool's Revenge,A Fool's Revenge,0,1909,\N,11,"Drama,Short",5.5,59
tt0000871,short,Fools of Fate,Fools of Fate,0,1909,\N,11,"Drama,Short",5.8,112
tt0000873,short,Bakchisarayskiy fontan,Bakchisarayskiy fontan,0,1909,\N,\N,"Drama,Short",6.4,11
tt0000874,short,The French Duel,The French Duel,0,1909,\N,4,"Comedy,Short",5.2,52
tt0000875,short,The Friend of the Family,The Friend of the Family,0,1909,\N,8,"Drama,Short",4.9,38
tt0000877,short,Getting Even,Getting Even,0,1909,\N,6,"Comedy,Short",4.9,100
tt0000878,short,The Gibson Goddess,The Gibson Goddess,0,1909,\N,6,"Comedy,Short",5,169
tt0000880,short,The Girls and Daddy,The Girls and Daddy,0,1909,\N,15,"Drama,Short",5.9,80
tt0000882,short,The Golden Louis,The Golden Louis,0,1909,\N,5,"Drama,Short",5.8,202
tt0000883,short,The Grey Lady,Den graa dame,0,1909,\N,14,"Mystery,Short",7,8
tt0000884,short,The Red Domino,Grevinde X,0,1909,\N,\N,"Drama,Short",4.4,12
tt0000886,movie,"Hamlet, Prince of Denmark",Hamlet,0,1910,\N,\N,Drama,4.8,38
tt0000887,short,Hansel and Gretel,Hansel and Gretel,0,1909,\N,\N,"Drama,Short",5,47
tt0000890,short,The Heart of an Outlaw,The Heart of an Outlaw,0,1909,\N,\N,"Short,Western",7.1,32
tt0000891,short,Cycle Rider and the Witch,Heksen og cyklisten,0,1909,\N,3,"Comedy,Fantasy,Short",5.5,48
tt0000892,short,Her First Biscuits,Her First Biscuits,0,1909,\N,6,"Comedy,Short",5.7,69
tt0000893,short,Her Indian Hero,Her Indian Hero,0,1912,\N,12,"Short,Western",6.3,38
tt0000895,short,The Hessian Renegades,The Hessian Renegades,0,1909,\N,10,"Drama,Short,War",5.6,198
tt0000896,short,The Hindoo Dagger,The Hindoo Dagger,0,1909,\N,10,"Drama,Mystery,Short",4.3,24
tt0000897,short,His Duty,His Duty,0,1909,\N,5,"Drama,Short",5.6,60
tt0000898,short,His Lost Love,His Lost Love,0,1909,\N,11,"Drama,Short",5.7,26
tt0000900,short,His Ward's Love,His Ward's Love,0,1909,\N,3,Short,4.7,24
tt0000901,short,His Wife's Mother,His Wife's Mother,0,1909,\N,6,"Comedy,Short",5.3,25
tt0000902,short,His Wife's Visitor,His Wife's Visitor,0,1909,\N,6,"Comedy,Short",5.3,16
tt0000903,short,The Honor of Thieves,The Honor of Thieves,0,1909,\N,11,"Crime,Short",6.2,22
tt0000904,short,The House of Cards,The House of Cards,0,1909,\N,16,"Drama,Short,Western",5.4,112
tt0000905,short,I Did It,I Did It,0,1909,\N,4,Short,5.6,24
tt0000907,short,In Little Italy,In Little Italy,0,1909,\N,10,"Drama,Short",6.2,23
tt0000908,short,In Old Kentucky,In Old Kentucky,0,1909,\N,11,"Drama,Short,War",6.3,31
tt0000910,short,In the Watches of the Night,In the Watches of the Night,0,1909,\N,11,"Drama,Short",5.3,26
tt0000911,short,In the Window Recess,In the Window Recess,0,1909,\N,4,"Drama,Short",3.4,26
tt0000912,short,The Indian Runner's Romance,The Indian Runner's Romance,0,1909,\N,11,"Short,Western",4.4,63
tt0000916,short,Je voudrais un enfant,Je voudrais un enfant,0,1910,\N,6,"Comedy,Short",6,58
tt0000917,short,Jealousy and the Man,Jealousy and the Man,0,1909,\N,5,"Comedy,Short",5.4,21
tt0000919,short,The Jilt,The Jilt,0,1909,\N,11,"Drama,Short",4.3,24
tt0000920,short,Jones and His New Neighbors,Jones and His New Neighbors,0,1909,\N,5,"Comedy,Short",5.2,24
tt0000921,short,Jones and the Lady Book Agent,Jones and the Lady Book Agent,0,1909,\N,6,"Comedy,Short",5.6,26
tt0000922,short,The Joneses Have Amateur Theatricals,The Joneses Have Amateur Theatricals,0,1909,\N,4,"Comedy,Short",5.6,105
tt0000924,short,A Bad Case,Les joyeux microbes,0,1909,\N,5,"Animation,Short",6.1,169
tt0000928,short,King Lear,King Lear,0,1909,\N,16,"Drama,Short",5.4,92
tt0000929,short,Klebolin klebt alles,Klebolin klebt alles,0,1909,\N,\N,"Comedy,Short",5.5,46
tt0000930,short,Der kleine Detektiv,Der kleine Detektiv,0,1909,\N,\N,Short,4.6,12
tt0000932,short,A Woman of the People,En kvinde af folket,0,1909,\N,\N,"Drama,Short",4.3,10
tt0000933,short,Lady Helen's Escapade,Lady Helen's Escapade,0,1909,\N,8,"Comedy,Drama,Romance",5.1,48
tt0000934,short,Leather Stocking,Leather Stocking,0,1909,\N,11,"Adventure,Short",4.8,19
tt0000935,short,The Light That Came,The Light That Came,0,1909,\N,11,"Drama,Short",6.3,93
tt0000936,short,Lines of White on a Sullen Sea,Lines of White on a Sullen Sea,0,1909,\N,11,"Drama,Short",6.8,88
tt0000938,short,The Little Darling,The Little Darling,0,1909,\N,2,"Comedy,Short",4.6,178
tt0000939,short,The Little Teacher,The Little Teacher,0,1909,\N,11,"Drama,Short",5.4,20
tt0000941,movie,Locura de amor,Locura de amor,0,1909,\N,\N,Drama,4.8,23
tt0000942,short,The Lonely Villa,The Lonely Villa,0,1909,\N,8,"Crime,Drama,Short",6.1,970
tt0000943,short,Love Finds a Way,Love Finds a Way,0,1909,\N,5,"Comedy,Short",5.6,12
tt0000944,short,The Luck of the Cards,The Luck of the Cards,0,1909,\N,\N,"Drama,Short",4.8,11
tt0000945,short,Lucky Jim,Lucky Jim,0,1909,\N,5,"Drama,Short",4.8,70
tt0000946,short,The Lure of the Gown,The Lure of the Gown,0,1909,\N,6,"Comedy,Short",4.6,74
tt0000950,short,Macbeth,Macbeth,0,1909,\N,\N,"Drama,Short",4.8,16
tt0000954,short,Mamma,Mamma,0,1909,\N,\N,Short,5,16
tt0000956,short,The Maniac Cook,The Maniac Cook,0,1909,\N,9,"Drama,Short",6.9,16
tt0000957,short,Mariage forcé,Mariage forcé,0,1914,\N,20,"Comedy,Short",6.3,45
tt0000958,short,The Medicine Bottle,The Medicine Bottle,0,1909,\N,5,"Drama,Short",5.7,15
tt0000960,short,The Mended Lute,The Mended Lute,0,1909,\N,11,"Short,Western",4.7,276
tt0000961,short,The Message,The Message,0,1909,\N,10,"Drama,Short",8.2,22
tt0000962,short,The Mexican Sweethearts,The Mexican Sweethearts,0,1909,\N,3,Short,5.3,15
tt0000964,short,A Midnight Adventure,A Midnight Adventure,0,1909,\N,6,Short,5.3,17
tt0000966,short,A Midsummer Night's Dream,A Midsummer Night's Dream,0,1909,\N,12,"Drama,Fantasy,Romance",5.7,338
tt0000967,short,The Mills of the Gods,The Mills of the Gods,0,1909,\N,7,Short,5.3,18
tt0000969,short,Les Misérables,Les Misérables,0,1909,\N,44,"Drama,History,Short",6.7,25
tt0000970,short,The Life of Moliere,Molière,0,1910,\N,20,"Biography,Drama,Short",5.8,73
tt0000971,short,The Mill,Le Moulin maudit,0,1909,\N,6,"Drama,Romance,Short",6.4,146
tt0000972,short,The Mountaineer's Honor,The Mountaineer's Honor,0,1909,\N,11,"Drama,Short",5.9,85
tt0000974,short,Mr. Jones Has a Card Party,Mr. Jones Has a Card Party,0,1909,\N,10,"Comedy,Short",5.2,53
tt0000975,short,Mr. Jones' Burglar,Mr. Jones' Burglar,0,1909,\N,4,"Comedy,Short",5.8,19
tt0000976,short,"Mrs. Jones' Lover; or, 'I Want My Hat'","Mrs. Jones' Lover; or, 'I Want My Hat'",0,1909,\N,5,"Comedy,Short",4.7,20
tt0000978,short,Napoleon og hans lille Trompetist,Napoleon og hans lille Trompetist,0,1909,\N,\N,Short,6.8,8
tt0000979,short,"Napoleon, the Man of Destiny","Napoleon, the Man of Destiny",0,1908,\N,13,"Drama,Short",5.2,29
tt0000981,short,The Necklace,The Necklace,0,1909,\N,11,"Drama,Short",5.6,51
tt0000983,short,A New Trick,A New Trick,0,1909,\N,2,Short,5.4,14
tt0000985,short,The Note in the Shoe,The Note in the Shoe,0,1909,\N,8,"Drama,Short",4.4,15
tt0000986,short,Nursing a Viper,Nursing a Viper,0,1909,\N,10,"Drama,Short",5.1,109
tt0000987,short,How Brother Cook was Taught a Lesson,Naar Djævle er paa Spil,0,1910,\N,\N,"Comedy,Short",7.8,9
tt0000988,short,The Short-Sighted Governess,Den nærsynede guvernante,0,1909,\N,2,"Comedy,Short",5.1,21
tt0000989,short,"Oh, Uncle!","Oh, Uncle!",0,1909,\N,3,"Comedy,Short",5,42
tt0000990,short,Oliver Twist,Oliver Twist,0,1909,\N,14,"Drama,Short",6.2,76
tt0000992,short,De onde Veje,De onde Veje,0,1909,\N,\N,Short,4.6,15
tt0000993,short,One Busy Hour,One Busy Hour,0,1909,\N,3,"Comedy,Short",5,14
tt0000995,short,One Touch of Nature,One Touch of Nature,0,1909,\N,10,"Drama,Short",7.3,18
tt0000996,short,Only a Tramp,Only a Tramp,0,1909,\N,\N,"Drama,Short",4.8,10
tt0000997,short,The Open Gate,The Open Gate,0,1909,\N,11,"Drama,Short",6.7,16
tt0000998,short,Othello,Otello,0,1909,\N,12,"Drama,Romance,Short",5.6,18
tt0000999,short,Paul Wang's Destiny,Paul Wangs skæbne,0,1909,\N,\N,"Drama,Short",5.4,9
tt0001000,short,The Peachbasket Hat,The Peachbasket Hat,0,1909,\N,7,"Comedy,Short",5.5,48
tt0001001,short,"Pippa Passes; or, the Song of Conscience","Pippa Passes; or, The Song of Conscience",0,1909,\N,11,"Drama,Short",5.2,126
tt0001002,short,The Politician's Love Story,The Politician's Love Story,0,1909,\N,6,"Comedy,Romance,Short",4.9,93
tt0001005,short,Pranks,Pranks,0,1909,\N,4,"Comedy,Short",4.7,16
tt0001008,short,The Prince and the Pauper,The Prince and the Pauper,0,1909,\N,\N,Short,5.6,29
tt0001009,short,"Princess Nicotine; or, the Smoke Fairy","Princess Nicotine; or, The Smoke Fairy",0,1909,\N,5,"Comedy,Fantasy,Short",6.5,936
tt0001010,movie,Protección de un convoy de víveres en el puente de camellos,Protección de un convoy de víveres en el puente de camellos,0,1909,\N,\N,\N,4.6,14
tt0001011,short,The Prussian Spy,The Prussian Spy,0,1909,\N,5,"Drama,Short",5.3,17
tt0001013,short,The Redman's View,The Redman's View,0,1909,\N,14,"Short,Western",5.9,375
tt0001014,short,The Renunciation,The Renunciation,0,1909,\N,11,"Short,Western",5.1,109
tt0001015,short,The Restoration,The Restoration,0,1909,\N,10,"Drama,Short",4.7,23
tt0001016,short,Resurrection,Resurrection,0,1909,\N,12,"Drama,Short",5.2,136
tt0001020,short,The Road to the Heart,The Road to the Heart,0,1909,\N,7,"Comedy,Short",5.2,14
tt0001023,short,The Roue's Heart,The Roue's Heart,0,1909,\N,8,"Drama,Short",6,14
tt0001024,short,A Rude Hostess,A Rude Hostess,0,1909,\N,5,Short,5,12
tt0001025,short,A Rural Elopement,A Rural Elopement,0,1909,\N,9,"Comedy,Romance,Short",7.7,17
tt0001027,short,The Sacrifice,The Sacrifice,0,1909,\N,7,"Comedy,Romance,Short",6,17
tt0001028,movie,Salome Mad,Salome Mad,0,1909,\N,\N,Comedy,4.4,17
tt0001029,short,The Salvation Army Lass,The Salvation Army Lass,0,1909,\N,15,"Drama,Short",5.3,48
tt0001031,short,Schneider's Anti-Noise Crusade,Schneider's Anti-Noise Crusade,0,1909,\N,\N,"Comedy,Short",4.4,14
tt0001032,short,The Sealed Room,The Sealed Room,0,1909,\N,11,"Drama,History,Short",6,853
tt0001033,short,The Seventh Day,The Seventh Day,0,1909,\N,8,"Drama,Short",5.1,19
tt0001035,short,She Would Be an Actress,She Would Be an Actress,0,1909,\N,5,Short,5,34
tt0001036,short,Sherlock Holmes IV,Sherlock Holmes IV,0,1909,\N,\N,"Mystery,Short",3.5,12
tt0001037,short,Sherlock Holmes V,Sherlock Holmes V,0,1909,\N,\N,"Drama,Short",3.9,18
tt0001038,movie,Sherlock Holmes VI,Sherlock Holmes VI,0,1910,\N,\N,\N,3.8,21
tt0001041,short,The Slave,The Slave,0,1909,\N,11,"Drama,Short",5.5,36
tt0001044,short,The Son's Return,The Son's Return,0,1909,\N,11,"Drama,Short",5.7,107
tt0001045,short,Le songe d'une nuit d'été,Le songe d'une nuit d'été,0,1910,\N,11,"Comedy,Short",5.6,14
tt0001046,short,A Sound Sleeper,A Sound Sleeper,0,1909,\N,2,"Comedy,Short",5.6,15
tt0001049,movie,Gøngehøvdingen,Gøngehøvdingen,0,1909,\N,\N,"Drama,War",4,16
tt0001050,short,A Strange Meeting,A Strange Meeting,0,1909,\N,11,"Drama,Short",5.1,79
tt0001052,short,The Suicide Club,The Suicide Club,0,1909,\N,4,"Comedy,Short",5.7,17
tt0001053,short,A Sweet Revenge,A Sweet Revenge,0,1909,\N,5,"Drama,Short",6.2,16
tt0001054,short,Sweet and Twenty,Sweet and Twenty,0,1909,\N,6,"Romance,Short",5.9,31
tt0001058,short,Tender Hearts,Tender Hearts,0,1909,\N,8,"Drama,Short",5.3,23
tt0001060,short,The Test,The Test,0,1909,\N,6,"Drama,Short",5.6,15
tt0001061,short,They Would Elope,They Would Elope,0,1909,\N,6,"Comedy,Short",6.5,43
tt0001062,short,Those Awful Hats,Those Awful Hats,0,1909,\N,5,"Comedy,Short",6.2,1194
tt0001063,short,Those Boys!,Those Boys!,0,1909,\N,4,Short,5.9,17
tt0001064,short,Through the Breakers,Through the Breakers,0,1909,\N,11,"Drama,Short",5.1,37
tt0001065,short,Tis an Ill Wind That Blows No Good,Tis an Ill Wind That Blows No Good,0,1909,\N,10,"Drama,Short",5.2,17
tt0001066,short,De to guldgravere,De to guldgravere,0,1909,\N,10,Short,5.2,18
tt0001067,short,To Save Her Soul,To Save Her Soul,0,1909,\N,11,"Drama,Short",6.1,37
tt0001071,short,Tragic Love,Tragic Love,0,1909,\N,15,"Drama,Short",6.6,15
tt0001072,short,A Trap for Santa Claus,A Trap for Santa Claus,0,1909,\N,16,"Drama,Short",5.7,340
tt0001074,short,The Trick That Failed,The Trick That Failed,0,1909,\N,7,"Drama,Short",6,21
tt0001075,short,A Troublesome Satchel,A Troublesome Satchel,0,1909,\N,2,"Comedy,Short",5.3,17
tt0001076,short,Trying to Get Arrested,Trying to Get Arrested,0,1909,\N,4,"Comedy,Short",5.6,25
tt0001077,short,Twin Brothers,Twin Brothers,0,1909,\N,5,"Comedy,Short",5.8,15
tt0001078,short,Two Memories,Two Memories,0,1909,\N,3,"Drama,Short",5.6,47
tt0001079,short,Two Women and a Man,Two Women and a Man,0,1909,\N,11,"Drama,Short",4.8,17
tt0001083,short,The Violin Maker of Cremona,The Violin Maker of Cremona,0,1909,\N,10,"Drama,Short",5.1,139
tt0001084,short,The Voice of the Violin,The Voice of the Violin,0,1909,\N,16,Short,5.2,166
tt0001085,short,"Wanted, a Child","Wanted, a Child",0,1909,\N,3,"Drama,Short",5.6,17
tt0001086,short,Was Justice Served?,Was Justice Served?,0,1909,\N,10,"Drama,Short",6.3,17
tt0001088,short,The Way of Man,The Way of Man,0,1909,\N,11,"Drama,Short",5.3,72
tt0001089,short,We Must Do Our Best,We Must Do Our Best,0,1909,\N,10,"Comedy,Short",8.3,38
tt0001090,short,The Welcome Burglar,The Welcome Burglar,0,1909,\N,13,"Drama,Short",7,16
tt0001091,short,What Drink Did,What Drink Did,0,1909,\N,12,"Drama,Short",5.4,195
tt0001092,short,What's Your Hurry?,What's Your Hurry?,0,1909,\N,4,Short,5.9,42
tt0001094,short,The Winning Coat,The Winning Coat,0,1909,\N,8,"Drama,Short",4.8,17
tt0001095,short,With Her Card,With Her Card,0,1909,\N,11,"Drama,Short",3.7,17
tt0001098,short,The Wooden Leg,The Wooden Leg,0,1909,\N,3,"Comedy,Short",6.3,20
tt0001099,short,A Wreath in Time,A Wreath in Time,0,1909,\N,9,"Comedy,Short",5.8,17
tt0001101,movie,Abraham Lincoln's Clemency,Abraham Lincoln's Clemency,0,1910,\N,\N,\N,5.2,37
tt0001103,short,An Affair of Hearts,An Affair of Hearts,0,1910,\N,\N,"Comedy,Short",5.5,66
tt0001104,short,The Affair of an Egg,The Affair of an Egg,0,1910,\N,3,"Comedy,Short",5,58
tt0001105,short,The Woman Always Pays,Afgrunden,0,1910,\N,38,"Drama,Short",6.4,908
tt0001106,short,Alice's Adventures in Wonderland,Alice's Adventures in Wonderland,0,1910,\N,10,"Adventure,Comedy,Drama",6,131
tt0001107,short,All on Account of the Milk,All on Account of the Milk,0,1910,\N,16,"Comedy,Short",6.1,95
tt0001111,short,Ambrosius,Ambrosius,0,1910,\N,8,"Biography,Short",4.5,16
tt0001112,movie,Amleto,Amleto,0,1910,\N,\N,Drama,3.8,41
tt0001113,movie,Amor gitano,Amor gitano,0,1910,\N,\N,\N,5.1,16
tt0001115,movie,Ansigttyven I,Ansigttyven I,0,1910,\N,\N,Crime,4.6,19
tt0001116,movie,Ansigttyven II,Ansigttyven II,0,1910,\N,\N,\N,4.7,18
tt0001117,short,Cleopatra,Cléopâtre,0,1910,\N,\N,"Drama,History,Romance",5.4,14
tt0001118,short,An Arcadian Maid,An Arcadian Maid,0,1910,\N,11,"Drama,Short",5.5,194
tt0001120,short,As It Is in Life,As It Is in Life,0,1910,\N,16,"Drama,Short",5.6,231
tt0001121,short,As the Bells Rang Out!,As the Bells Rang Out!,0,1910,\N,8,"Drama,Short",4.6,57
tt0001122,movie,The Red Inn,L'auberge rouge,0,1910,\N,\N,\N,5.5,19
tt0001129,short,The Banker's Daughters,The Banker's Daughters,0,1910,\N,16,"Drama,Short",5,66
tt0001135,short,The Broken Doll,The Broken Doll,0,1910,\N,17,"Drama,Short",4.8,59
tt0001139,short,Buffalo Bill's Wild West and Pawnee Bill's Far East,Buffalo Bill's Wild West and Pawnee Bill's Far East,0,1910,\N,13,Short,5.5,34
tt0001143,short,The Call to Arms,The Call to Arms,0,1910,\N,17,"Drama,Short",4.7,51
tt0001144,short,The Call,The Call,0,1910,\N,11,"Drama,Short",4.8,52
tt0001145,short,Carceleras,Carceleras,0,1910,\N,\N,"Drama,Short",5.8,10
tt0001150,short,A Child of the Ghetto,A Child of the Ghetto,0,1910,\N,16,"Drama,Short",5.3,117
tt0001151,short,A Child's Faith,A Child's Faith,0,1910,\N,11,"Drama,Short",4.3,60
tt0001152,short,A Child's Impulse,A Child's Impulse,0,1910,\N,17,"Drama,Short",5.5,74
tt0001153,short,A Child's Stratagem,A Child's Stratagem,0,1910,\N,17,"Drama,Short",4.5,56
tt0001156,short,The Cloister's Touch,The Cloister's Touch,0,1910,\N,\N,"Drama,Short",4.3,55
tt0001159,movie,The Connecticut Yankee,The Connecticut Yankee,0,1910,\N,\N,\N,5.6,28
tt0001161,short,The Converts,The Converts,0,1910,\N,16,"Drama,Short",4.5,57
tt0001165,short,The Course of True Love,The Course of True Love,0,1910,\N,\N,"Drama,Short",4.4,40
tt0001175,movie,Camille,La dame aux camélias,0,1912,\N,\N,"Drama,Romance",5.7,36
tt0001176,short,The Dancing Girl of Butte,The Dancing Girl of Butte,0,1910,\N,11,"Drama,Short",4.2,39
tt0001184,movie,Don Juan de Serrallonga,Don Juan de Serrallonga,0,1910,\N,58,"Adventure,Drama",3.9,20
tt0001185,short,Dorian Grays Portræt,Dorian Grays Portræt,0,1910,\N,24,"Drama,Short",7,19
tt0001186,short,Dorothy and the Scarecrow in Oz,Dorothy and the Scarecrow in Oz,0,1910,\N,\N,Short,5.4,70
tt0001187,short,The Duke's Plan,The Duke's Plan,0,1910,\N,11,"Drama,Short",4.4,40
tt0001190,short,Døden,Døden,0,1910,\N,\N,"Drama,Short",6.6,13
tt0001195,short,Elverhøj,Elverhøj,0,1910,\N,22,"History,Short",4.4,13
tt0001196,short,Elverhøj,Elverhøj,0,1910,\N,17,"History,Short",4.2,7
tt0001200,short,The Englishman and the Girl,The Englishman and the Girl,0,1910,\N,11,"Comedy,Short",4.5,45
tt0001202,short,Examination Day at School,Examination Day at School,0,1910,\N,17,"Comedy,Short",4.6,39
tt0001206,short,The Face at the Window,The Face at the Window,0,1910,\N,17,"Drama,Short",6,43
tt0001207,short,Faithful,Faithful,0,1910,\N,17,"Drama,Short",5.7,136
tt0001211,short,Faust,Faust,0,1910,\N,18,"Drama,Short",5.5,38
tt0001214,short,"The Vow; or, Jephthah's Daughter",La fille de Jephté,0,1910,\N,\N,"Drama,Short",6.6,8
tt0001216,short,The Final Settlement,The Final Settlement,0,1910,\N,16,"Drama,Short",4.6,39
tt0001217,short,A Flash of Light,A Flash of Light,0,1910,\N,11,"Romance,Short",5.8,101
tt0001218,short,A Fallen Spirit,L'épée du spirite,0,1910,\N,6,"Animation,Fantasy,Horror",5.3,107
tt0001223,short,Frankenstein,Frankenstein,0,1910,\N,16,"Fantasy,Horror,Sci-Fi",6.4,4164
tt0001227,short,The Fugitive,The Fugitive,0,1910,\N,17,"Drama,Short,War",5.8,256
tt0001230,movie,Gentleman Joe,Gentleman Joe,0,1910,\N,\N,\N,5,29
tt0001234,short,Gold Is Not All,Gold Is Not All,0,1910,\N,16,"Drama,Short",5.4,43
tt0001235,short,A Gold Necklace,A Gold Necklace,0,1910,\N,6,"Comedy,Short",5.3,52
tt0001236,short,The Gold Seekers,The Gold Seekers,0,1910,\N,11,"Drama,Short",5,42
tt0001237,short,The Golden Supper,The Golden Supper,0,1910,\N,17,"Romance,Short",4.6,70
tt0001240,movie,Hamlet,Hamlet,0,1911,\N,\N,Drama,3.9,21
tt0001241,short,Hamlet,Hamlet,0,1910,\N,20,"Drama,Short",5.1,16
tt0001242,short,Hamlet,Hamlet,0,1908,\N,\N,"Drama,Short",6,18
tt0001245,short,Her Terrible Ordeal,Her Terrible Ordeal,0,1910,\N,10,"Drama,Short",5.6,70
tt0001253,short,His Sister-in-Law,His Sister-In-Law,0,1910,\N,17,"Drama,Short",5.6,23
tt0001254,short,The Honor of His Family,The Honor of His Family,0,1910,\N,11,"Drama,Short",4.4,23
tt0001256,short,The House with Closed Shutters,The House with Closed Shutters,0,1910,\N,17,"Drama,Short,War",5.8,542
tt0001258,short,The White Slave Trade,Den hvide slavehandel,0,1910,\N,33,"Drama,Short",5.8,143
tt0001262,short,In Life's Cycle,In Life's Cycle,0,1910,\N,17,"Drama,Short",5.2,28
tt0001264,short,In Old California,In Old California,0,1910,\N,17,"Drama,History,Short",7.1,70
tt0001265,short,In the Border States,In the Border States,0,1910,\N,17,"Drama,Short,War",6.4,521
tt0001277,movie,Kapergasten,Kapergasten,0,1910,\N,\N,Drama,4.4,23
tt0001280,short,Copenhagen by Night,København ved Nat,0,1910,\N,25,Short,4.8,31
tt0001282,short,The Land of Oz,The Land of Oz,0,1910,\N,\N,"Fantasy,Short",6.8,34
tt0001283,short,The Last Deal,The Last Deal,0,1910,\N,11,"Drama,Short",5.8,22
tt0001284,short,The Lesson,The Lesson,0,1910,\N,17,"Drama,Short",4.8,44
tt0001285,movie,The Life of Moses,The Life of Moses,0,1909,\N,50,"Biography,Drama,Family",5.6,58
tt0001292,short,Love Among the Roses,Love Among the Roses,0,1910,\N,16,"Romance,Short",5,59
tt0001294,short,Love's C. Q. D.,Love's C. Q. D.,0,1910,\N,10,"Romance,Short,Western",7.2,16
tt0001299,short,Macbeth,Macbeth,0,1909,\N,\N,"Drama,Short",3.9,16
tt0001303,short,The Man,The Man,0,1910,\N,16,"Drama,Short",6,17
tt0001306,short,The Fairy Bookseller,Le marchand d'images,0,1910,\N,\N,"Fantasy,Short",4.8,11
tt0001307,short,The Marked Time-Table,The Marked Time-Table,0,1910,\N,17,"Drama,Short",5.5,16
tt0001310,short,May and December,May and December,0,1910,\N,7,"Comedy,Romance,Short",5.4,27
tt0001313,short,Et menneskeliv,Et menneskeliv,0,1910,\N,13,Short,5.1,14
tt0001314,short,Il mercante di Venezia,Il mercante di Venezia,0,1911,\N,19,"Drama,Short",5.8,155
tt0001315,short,The Message of the Violin,The Message of the Violin,0,1910,\N,17,"Drama,Short",5.8,23
tt0001321,short,The Cowboy Millionaire,The Cowboy Millionaire,0,1909,\N,22,"Short,Western",5.3,55
tt0001326,short,The Modern Prodigal,The Modern Prodigal,0,1910,\N,17,"Drama,Short",5.6,56
tt0001330,short,"A Mother's Devotion; or, the Firing of the Patchwork Quilt","A Mother's Devotion; or, The Firing of the Patchwork Quilt",0,1912,\N,7,Short,5.7,35
tt0001332,short,Muggsy Becomes a Hero,Muggsy Becomes a Hero,0,1910,\N,8,"Comedy,Short",5.4,32
tt0001333,short,Muggsy's First Sweetheart,Muggsy's First Sweetheart,0,1910,\N,16,"Comedy,Short",5.7,52
tt0001334,short,Never Again,Never Again,0,1910,\N,\N,"Comedy,Short",6.4,16
tt0001337,short,The Newlyweds,The Newlyweds,0,1910,\N,16,"Comedy,Short",5.8,54
tt0001338,movie,A Night in May,"Maiskaya noch, ili utoplennitsa",0,1910,\N,\N,Drama,5.3,16
tt0001340,short,The Oath and the Man,The Oath and the Man,0,1910,\N,17,"Drama,Short",5.1,95
tt0001351,short,Over Silent Paths,Over Silent Paths,0,1910,\N,16,"Drama,Short,Western",6.1,58
tt0001358,movie,Peder Tordenskjold,Peder Tordenskjold,0,1910,\N,\N,\N,4.2,25
tt0001370,movie,Rainha Depois de Morta Inês de Castro,Rainha Depois de Morta Inês de Castro,0,1910,\N,\N,"Drama,History",5.3,24
tt0001371,short,Ramona,Ramona,0,1910,\N,17,"Drama,Romance,Short",5.9,400
tt0001377,short,Re Lear,Re Lear,0,1910,\N,\N,"Drama,Short",4.8,27
tt0001378,short,Re Lear,Re Lear,0,1910,\N,16,"Drama,Short",6,210
tt0001380,short,Regina von Emmeritz och konung Gustaf II Adolf,Regina von Emmeritz och konung Gustaf II Adolf,0,1910,\N,44,"Drama,Short",3.6,11
tt0001381,short,A Recruit from 64,En rekrut fra 64,0,1910,\N,35,"Drama,Short,War",5.4,37
tt0001385,short,The Rocky Road,The Rocky Road,0,1910,\N,11,"Drama,Short",5.4,70
tt0001386,movie,Le roi des parfums,Le roi des parfums,0,1910,\N,\N,\N,4.4,18
tt0001387,short,A Romance of the Western Hills,A Romance of the Western Hills,0,1910,\N,16,"Romance,Short,Western",5.7,30
tt0001388,short,Rose o' Salem Town,Rose o' Salem Town,0,1910,\N,17,"Drama,Short",5.6,81
tt0001396,short,Simple Charity,Simple Charity,0,1910,\N,17,"Drama,Short",2.9,17
tt0001400,short,The Song of the Wildwood Flute,The Song of the Wildwood Flute,0,1910,\N,17,"Drama,Short",6.4,17
tt0001401,short,The Sorrows of the Unfaithful,The Sorrows of the Unfaithful,0,1910,\N,17,"Drama,Short",6.1,27
tt0001407,short,Sunshine Sue,Sunshine Sue,0,1910,\N,17,"Drama,Short",5.9,19
tt0001410,short,Taming a Husband,Taming a Husband,0,1910,\N,16,"Comedy,Short",3.9,17
tt0001414,short,That Chink at Golden Gulch,That Chink at Golden Gulch,0,1910,\N,17,"Short,Western",6.4,62
tt0001423,short,A Woman's Treachery,A Woman's Treachery,0,1910,\N,10,"Crime,Drama,Short",4.2,13
tt0001428,short,The Two Brothers,The Two Brothers,0,1910,\N,17,"Short,Western",5.1,51
tt0001431,short,The Unchanging Sea,The Unchanging Sea,0,1910,\N,14,"Drama,Short",6.3,749
tt0001432,short,Uncle Tom's Cabin,Uncle Tom's Cabin,0,1910,\N,42,"Drama,Short",5.6,27
tt0001439,short,The Usurer,The Usurer,0,1910,\N,17,"Drama,Short",5.9,256
tt0001440,movie,Valdemar Sejr,Valdemar Sejr,0,1910,\N,\N,"Drama,History",4.7,20
tt0001443,short,A Victim of Jealousy,A Victim of Jealousy,0,1910,\N,16,"Drama,Short",5.8,16
tt0001444,short,Värmlänningarne,Värmlänningarne,0,1910,\N,23,Short,3.3,32
tt0001446,short,The Way of the World,The Way of the World,0,1910,\N,16,"Drama,Short",5.3,17
tt0001452,short,What the Daisy Said,What the Daisy Said,0,1910,\N,16,"Romance,Short",5.5,202
tt0001454,short,When We Were in Our Teens,When We Were in Our Teens,0,1910,\N,5,"Comedy,Short",5.5,30
tt0001456,short,White Roses,White Roses,0,1910,\N,\N,"Comedy,Romance,Short",8.5,17
tt0001458,short,Wilful Peggy,Wilful Peggy,0,1910,\N,17,"Comedy,Romance,Short",5.8,192
tt0001459,short,Winning Back His Love,Winning Back His Love,0,1910,\N,17,"Drama,Romance,Short",5.4,57
tt0001460,short,The Woman from Mellon's,The Woman from Mellon's,0,1910,\N,11,"Drama,Short",2.9,17
tt0001461,short,The Woman Hater,The Woman Hater,0,1910,\N,13,"Romance,Short",6,27
tt0001463,short,The Wonderful Wizard of Oz,The Wonderful Wizard of Oz,0,1910,\N,13,"Adventure,Fantasy,Short",5.7,1517
tt0001469,short,The Adventures of Billy,The Adventures of Billy,0,1911,\N,18,"Drama,Short",5.8,134
tt0001475,movie,Amor fatal,Amor fatal,0,1911,\N,\N,"Drama,Romance",7.3,20
tt0001481,short,Artful Kate,Artful Kate,0,1911,\N,10,"Drama,Short",5.8,36
tt0001482,short,As in a Looking Glass,As in a Looking Glass,0,1911,\N,30,"Drama,Short",5.1,77
tt0001488,short,The Hallucinations of Baron Munchausen,Les Aventures du baron de Münchhausen,0,1911,\N,11,"Fantasy,Short",6.2,470
tt0001490,short,Back to the Primitive,Back to the Primitive,0,1911,\N,14,"Short,Western",4.7,23
tt0001496,short,The Baron,The Baron,0,1911,\N,7,"Comedy,Short",4.4,61
tt0001497,short,The Battle of Bunker Hill,The Battle of Bunker Hill,0,1911,\N,\N,"Short,War",7.2,10
tt0001498,movie,The Battle of Trafalgar,The Battle of Trafalgar,0,1911,\N,51,War,7.7,12
tt0001499,short,The Battle,The Battle,0,1911,\N,17,"Action,Drama,Short",5.6,352
tt0001500,short,Bedraget i døden,Bedraget i døden,0,1911,\N,\N,"Drama,Short",5.7,7
tt0001508,short,The Blind Princess and the Poet,The Blind Princess and the Poet,0,1911,\N,\N,"Romance,Short",5,51
tt0001510,short,"Bobby, the Coward","Bobby, the Coward",0,1911,\N,18,"Drama,Short",5.3,68
tt0001517,short,The Broken Cross,The Broken Cross,0,1911,\N,17,"Romance,Short",5.6,44
tt0001518,short,Broncho Billy's Adventure,Broncho Billy's Adventure,0,1911,\N,\N,"Short,Western",5.7,16
tt0001519,short,Broncho Billy's Christmas Dinner,Broncho Billy's Christmas Dinner,0,1911,\N,12,"Short,Western",5.2,38
tt0001527,short,The Cameraman's Revenge,Mest kinematograficheskogo operatora,0,1912,\N,12,"Animation,Comedy,Fantasy",7.7,2872
tt0001529,short,Captain Kate,Captain Kate,0,1911,\N,14,"Drama,Short",4.1,21
tt0001530,movie,The Bushranger's Bride,"Captain Midnight, the Bush King",0,1911,\N,\N,Drama,6,17
tt0001531,movie,"Captain Starlight, or Gentleman of the Road","Captain Starlight, or Gentleman of the Road",0,1911,\N,\N,\N,4.6,14
tt0001532,short,Carmen o la hija del contrabandista,Carmen o la hija del contrabandista,0,1911,\N,25,Short,4.8,13
tt0001542,short,The Chief's Daughter,The Chief's Daughter,0,1911,\N,17,"Romance,Short",4,35
tt0001544,short,A Christmas Carol,A Christmas Carol,0,1910,\N,11,"Drama,Fantasy,Short",6,718
tt0001545,short,Cinderella,Cinderella,0,1911,\N,14,"Fantasy,Short",6.1,134
tt0001550,short,The Coffin Ship,The Coffin Ship,0,1911,\N,15,"Adventure,Short",5.5,49
tt0001551,short,Comrades,Comrades,0,1911,\N,13,"Comedy,Short",5.2,97
tt0001552,short,Conscience,Conscience,0,1911,\N,11,"Drama,Short",4.8,39
tt0001557,short,A Country Cupid,A Country Cupid,0,1911,\N,18,"Romance,Short",4.8,101
tt0001560,short,The Cowboy Coward,The Cowboy Coward,0,1911,\N,11,"Short,Western",4.1,21
tt0001563,short,Os Crimes de Diogo Alves,Os Crimes de Diogo Alves,0,1911,\N,23,"Crime,Drama,Short",5.8,37
tt0001564,short,The Crooked Road,The Crooked Road,0,1911,\N,17,"Drama,Short",4.1,31
tt0001571,short,Dan the Dandy,Dan the Dandy,0,1911,\N,17,"Comedy,Drama,Short",4.4,29
tt0001577,short,A Decree of Destiny,A Decree of Destiny,0,1911,\N,17,"Drama,Romance,Short",4.4,31
tt0001582,short,The Diamond Star,The Diamond Star,0,1911,\N,17,"Drama,Short",4.4,32
tt0001583,short,La digue,La digue,0,1911,\N,\N,"Drama,Short",5.6,15
tt0001586,movie,A Dog's Tale,A Dog's Tale,0,1911,\N,\N,\N,3.8,16
tt0001587,short,Don Pedro el Cruel,Don Pedro el Cruel,0,1911,\N,14,Short,3.9,24
tt0001588,short,The Dream,The Dream,0,1911,\N,11,"Drama,Short",5.4,204
tt0001590,short,Dæmonen,Dæmonen,0,1911,\N,5,Short,5.6,6
tt0001592,movie,In the Prime of Life,Ekspeditricen,0,1911,\N,52,Drama,5.5,15
tt0001593,short,Enoch Arden: Part I,Enoch Arden: Part I,0,1911,\N,17,"Drama,Short",6.3,365
tt0001594,short,Enoch Arden: Part II,Enoch Arden: Part II,0,1911,\N,17,"Drama,Short",6.3,325
tt0001598,short,The Failure,The Failure,0,1911,\N,18,"Romance,Short",5.7,41
tt0001607,short,Fate's Turning,Fate's Turning,0,1911,\N,17,"Romance,Short",5.6,67
tt0001613,short,Fighting Blood,Fighting Blood,0,1911,\N,18,"Action,Short,Western",5.3,155
tt0001614,short,The Four Devils,De fire djævle,0,1911,\N,60,"Drama,Short",6.1,29
tt0001615,short,Fisher Folks,Fisher Folks,0,1911,\N,17,"Drama,Short",4.9,38
tt0001618,short,Flo's Discipline,Flo's Discipline,0,1912,\N,12,"Comedy,Short",6.1,15
tt0001624,short,For aabent Tæppe,For aabent Tæppe,0,1912,\N,23,Short,5,43
tt0001630,movie,Der fremde Vogel,Der fremde Vogel,0,1911,\N,45,\N,6.2,28
tt0001632,short,Friday the 13th,Friday the 13th,0,1911,\N,\N,"Comedy,Short",6.4,47
tt0001642,short,Get Rich Quick,Get Rich Quick,0,1911,\N,13,"Drama,Short",5.2,39
tt0001654,short,Heart Beats of Long Ago,Heart Beats of Long Ago,0,1911,\N,17,"Drama,Romance,Short",5.3,37
tt0001655,short,The Heart of a Savage,The Heart of a Savage,0,1911,\N,\N,"Drama,Short",4,18
tt0001658,short,Henry VIII,Henry VIII,0,1911,\N,40,"Drama,History,Short",5.5,15
tt0001659,short,Her Awakening,Her Awakening,0,1911,\N,18,"Drama,Short",6.6,18
tt0001660,short,Her Crowning Glory,Her Crowning Glory,0,1911,\N,14,"Comedy,Short",5.7,208
tt0001668,short,The Highlander,The Highlander,0,1911,\N,18,"Romance,Short",4.2,36
tt0001671,short,His Daughter,His Daughter,0,1911,\N,17,"Drama,Short",4.8,34
tt0001680,short,His Trust: The Faithful Devotion and Self-Sacrifice of an Old Negro Servant,His Trust: The Faithful Devotion and Self-Sacrifice of an Old Negro Servant,0,1911,\N,14,"Drama,Short,War",5.1,609
tt0001681,short,His Trust Fulfilled,His Trust Fulfilled,0,1911,\N,11,"Drama,Short",4.8,283
tt0001692,short,The Great Moment,Im großen Augenblick,0,1911,\N,36,"Drama,Short",5.4,14
tt0001693,short,The Immortal Alamo,The Immortal Alamo,0,1911,\N,20,"History,Short,Western",7.1,23
tt0001695,short,In Old Madrid,In Old Madrid,0,1911,\N,11,"Comedy,Romance,Short",4.8,58
tt0001696,short,In the Days of '49,In the Days of '49,0,1911,\N,17,"Short,Western",4.2,12
tt0001701,short,The Indian Brothers,The Indian Brothers,0,1911,\N,18,"Drama,Short",4.6,76
tt0001706,movie,The Infant at Snakeville,The Infant at Snakeville,0,1911,\N,\N,\N,5.2,16
tt0001709,short,The Italian Barber,The Italian Barber,0,1911,\N,17,"Comedy,Short",5.6,37
tt0001715,short,Julius Caesar,Julius Caesar,0,1911,\N,\N,"Crime,History,Short",3.1,9
tt0001717,short,Järnbäraren,Järnbäraren,0,1911,\N,28,Short,3.4,24
tt0001722,short,A Knight of the Road,A Knight of the Road,0,1911,\N,18,"Comedy,Short",4.2,12
tt0001724,short,The Last Drop of Water,The Last Drop of Water,0,1911,\N,18,"Short,Western",5.8,264
tt0001728,short,The Last of the Mohicans,The Last of the Mohicans,0,1911,\N,\N,"Adventure,Short",7.7,15
tt0001732,short,The Lighthouse Keeper,The Lighthouse Keeper,0,1911,\N,\N,"Drama,Short",7.1,15
tt0001733,short,The Lily of the Tenements,The Lily of the Tenements,0,1911,\N,17,"Drama,Short",5.2,23
tt0001737,short,"Winsor McCay, the Famous Cartoonist of the N.Y. Herald and His Moving Comics","Winsor McCay, the Famous Cartoonist of the N.Y. Herald and His Moving Comics",0,1911,\N,7,"Animation,Comedy,Short",7.1,1683
tt0001738,short,Little Red Riding Hood,Little Red Riding Hood,0,1911,\N,\N,"Fantasy,Short",6.9,58
tt0001740,short,The Lonedale Operator,The Lonedale Operator,0,1911,\N,17,"Drama,Romance,Short",6.5,1191
tt0001741,short,The Long Road,The Long Road,0,1911,\N,17,"Drama,Short",4.4,23
tt0001742,short,Lost Illusions,Lost Illusions,0,1911,\N,\N,"Romance,Short",5.7,15
tt0001747,short,Lost in the Jungle,Lost in the Jungle,0,1911,\N,16,"Action,Adventure,Drama",4.9,23
tt0001753,short,Love in the Hills,Love in the Hills,0,1911,\N,18,"Drama,Short",5.1,19
tt0001761,short,Macbeth,Macbeth,0,1911,\N,14,"Drama,Short",5,6
tt0001762,short,Mrs. Pussy Loves Animals,Madame Babylas aime les animaux,0,1911,\N,9,"Comedy,Short",4.8,68
tt0001769,short,The Making of a Man,The Making of a Man,0,1911,\N,17,"Drama,Short",5.3,72
tt0001771,short,The Manicure Lady,The Manicure Lady,0,1911,\N,11,"Comedy,Short",5.5,150
tt0001772,short,A Manly Man,A Manly Man,0,1911,\N,10,"Drama,Short",5.6,22
tt0001776,short,Max Takes Tonics,Max victime du quinquina,0,1911,\N,17,"Comedy,Short",6.6,196
tt0001777,short,The Meeting of the Ways,The Meeting of the Ways,0,1912,\N,14,"Drama,Family,Short",5,18
tt0001779,short,The Message in the Bottle,The Message in the Bottle,0,1911,\N,10,"Drama,Short",7,16
tt0001787,short,The Mirror,The Mirror,0,1911,\N,6,"Comedy,Short",8.5,13
tt0001789,short,The Miser's Heart,The Miser's Heart,0,1911,\N,18,"Crime,Drama,Short",6.3,272
tt0001790,movie,"Les Misérables, Part 1: Jean Valjean",Les misérables - Époque 1: Jean Valjean,0,1913,\N,60,Drama,6,44
tt0001799,short,Moses Saved from the Waters,Moïse sauvé des eaux,0,1911,\N,\N,"Drama,Short",4.7,13
tt0001803,movie,The Mystery of a Hansom Cab,The Mystery of a Hansom Cab,0,1911,\N,\N,\N,4,11
tt0001812,movie,Oedipus Rex,Oedipus Rex,0,1911,\N,56,Drama,6.3,13
tt0001815,short,On the Brink,On the Brink,0,1911,\N,12,"Drama,Short",6.8,25
tt0001817,short,Only in the Way,Only in the Way,0,1911,\N,12,"Drama,Short",5.3,89
tt0001832,short,The Pirates of 1920,The Pirates of 1920,0,1911,\N,15,"Fantasy,Sci-Fi,Short",5.6,52
tt0001840,short,The Primal Call,The Primal Call,0,1911,\N,17,"Romance,Short",4.9,39
tt0001845,short,Pulgarcito,Pulgarcito,0,1912,\N,\N,Short,5.1,11
tt0001848,short,Railroad Raiders of '62,Railroad Raiders of '62,0,1911,\N,9,"Drama,Short,War",4.4,40
tt0001852,short,John Farley's Redemption,Rédemption,0,1909,\N,\N,"Drama,Short",4.9,12
tt0001856,short,The Revenue Man and the Girl,The Revenue Man and the Girl,0,1911,\N,17,"Drama,Short",4.7,49
tt0001857,short,Richard III,Richard III,0,1911,\N,23,"Biography,Drama,History",5.7,211
tt0001862,short,Queen of the Smugglers,The Romantic Story of Margaret Catchpole,0,1911,\N,\N,"Drama,Short",5.3,44
tt0001865,short,The Rose of Kentucky,The Rose of Kentucky,0,1911,\N,17,"Romance,Short",6,75
tt0001868,short,Abraham's Sacrifice,Le sacrifice d'Abraham,0,1911,\N,\N,"Drama,Short",5.1,9
tt0001871,short,Saved from Himself,Saved from Himself,0,1911,\N,17,"Drama,Short",4.7,54
tt0001872,short,The Scarlet Letter,The Scarlet Letter,0,1911,\N,\N,"Drama,Short",7.4,57
tt0001874,short,Science,Science,0,1911,\N,\N,"Drama,Short",7.8,12
tt0001877,short,She,She,0,1911,\N,24,"Fantasy,Sci-Fi,Short",5.3,69
tt0001886,short,The Siege of Calais,Le siège de Calais,0,1911,\N,\N,"Drama,Short,War",4.6,10
tt0001889,movie,Skæbnebæltet,Skæbnebæltet,0,1911,\N,\N,\N,4,14
tt0001892,movie,Den sorte drøm,Den sorte drøm,0,1911,\N,53,Drama,5.8,234
tt0001896,short,The Squaw's Love,The Squaw's Love,0,1911,\N,17,"Drama,Short,Western",5.2,71
tt0001910,short,Sweet Memories,Sweet Memories,0,1911,\N,10,"Drama,Romance,Short",5.5,69
tt0001911,movie,Nell Gwynne,Sweet Nell of Old Drury,0,1911,\N,50,"Biography,Drama,History",4.5,22
tt0001913,short,Swords and Hearts,Swords and Hearts,0,1911,\N,17,"Drama,Short,War",5.5,227
tt0001915,short,A Tale of Two Cities,A Tale of Two Cities,0,1911,\N,30,"Drama,History,Short",5.7,116
tt0001923,short,Their First Misunderstanding,Their First Misunderstanding,0,1911,\N,10,"Drama,Short",7.2,35
tt0001924,short,The Thief and the Girl,The Thief and the Girl,0,1911,\N,18,"Drama,Short",5.4,12
tt0001925,short,Three Million Dollars,Three Million Dollars,0,1911,\N,10,"Romance,Short,Western",4.9,42
tt0001926,short,The Three Musketeers: Part 2,The Three Musketeers: Part 2,0,1911,\N,\N,"Drama,Short",4.6,14
tt0001927,short,Three Sisters,Three Sisters,0,1911,\N,17,"Drama,Romance,Short",5,12
tt0001928,short,Through Darkened Vales,Through Darkened Vales,0,1911,\N,17,"Drama,Short",4.5,52
tt0001941,short,Troublesome Secretaries,Troublesome Secretaries,0,1911,\N,7,"Comedy,Short",5.2,82
tt0001949,short,The Two Paths,The Two Paths,0,1911,\N,17,"Drama,Short",5.6,27
tt0001956,short,Under the Stars and Bars,Under the Stars and Bars,0,1910,\N,13,"Drama,Short,War",6.1,16
tt0001957,short,Under forvandlingens lov,Under forvandlingens lov,0,1911,\N,31,"Drama,Romance,Short",4.9,52
tt0001963,short,Temptations of a Great City,Ved Fængslets Port,0,1911,\N,41,"Drama,Short",5.5,148
tt0001964,movie,The Traitress,Die Verräterin,0,1911,\N,48,Drama,6,82
tt0001967,short,Life as It Is,La vie telle qu'elle est,0,1911,\N,\N,"Drama,Short",5.9,11
tt0001969,short,Was He a Coward?,Was He a Coward?,0,1911,\N,17,"Short,Western",5.4,14
tt0001973,short,What Shall We Do with Our Old?,What Shall We Do with Our Old?,0,1911,\N,17,"Drama,Short",6.1,276
tt0001978,short,When a Man Loves,When a Man Loves,0,1911,\N,17,"Drama,Romance,Short",6.1,30
tt0001987,short,A Woman Scorned,A Woman Scorned,0,1911,\N,18,"Drama,Short",6.1,24
tt0001989,short,A Wreath of Orange Blossoms,A Wreath of Orange Blossoms,0,1911,\N,17,"Romance,Short",5,15
tt0001993,movie,L'électrocuté,L'électrocuté,0,1911,\N,\N,Sci-Fi,4,21
tt0001998,movie,The Adventures of Lieutenant Petrosino,The Adventures of Lieutenant Petrosino,0,1912,\N,47,Drama,4.5,34
tt0002020,short,Queen Elizabeth,Les amours de la reine Élisabeth,0,1912,\N,44,"Biography,Drama,History",4.5,131
tt0002022,movie,Anfisa,Anfisa,0,1912,\N,\N,Drama,7,10
tt0002026,movie,Anny - Story of a Prostitute,Anny - en gatepiges roman,0,1912,\N,68,"Drama,Romance",4,13
tt0002029,short,Poor Jenny,Die arme Jenny,0,1912,\N,34,Short,6.1,59
tt0002031,movie,As You Like It,As You Like It,0,1912,\N,\N,\N,4.8,20
tt0002033,short,Asesinato y entierro de Don José Canalejas,Asesinato y entierro de Don José Canalejas,0,1912,\N,5,Short,5.5,40
tt0002034,short,At Coney Island,At Coney Island,0,1912,\N,6,"Comedy,Short",5.3,49
tt0002041,short,The Baby and the Stork,The Baby and the Stork,0,1912,\N,18,"Crime,Drama,Short",3.9,60
tt0002045,short,The Ball Player and the Bandit,The Ball Player and the Bandit,0,1912,\N,12,"Drama,Romance,Short",4.3,84
tt0002046,movie,La Barrera número 13,La Barrera número 13,0,1913,\N,\N,\N,3.6,7
tt0002054,short,A Beast at Bay,A Beast at Bay,0,1912,\N,17,"Drama,Short",5.9,208
tt0002056,short,Prekrasnaya Lyukanida,Prekrasnaya Lyukanida,0,1912,\N,10,"Animation,Short",6.7,166
tt0002064,short,Billy's Stratagem,Billy's Stratagem,0,1912,\N,17,"Drama,Short",4.8,80
tt0002065,short,Black Sheep,Black Sheep,0,1912,\N,17,"Drama,Short",6.2,64
tt0002066,short,Blind Love,Blind Love,0,1912,\N,9,"Drama,Short",3.9,97
tt0002068,short,A Blot on the 'Scutcheon,A Blot on the 'Scutcheon,0,1912,\N,\N,"Drama,Short",5.1,53
tt0002070,short,The Brave Hunter,The Brave Hunter,0,1912,\N,7,"Comedy,Short",5.2,42
tt0002071,short,A Brave Little Woman,A Brave Little Woman,0,1912,\N,8,"Comedy,Romance,Short",4.1,17
tt0002078,short,Brutality,Brutality,0,1912,\N,33,"Drama,Short",5,65
tt0002082,short,The Burglar's Dilemma,The Burglar's Dilemma,0,1912,\N,15,"Drama,Short",6.1,398
tt0002083,short,The Fall of Troy,La caduta di Troia,0,1911,\N,28,"Short,War",6.1,267
tt0002093,short,A Change of Spirit,A Change of Spirit,0,1912,\N,17,"Romance,Short",4.6,39
tt0002095,short,The Chief's Blanket,The Chief's Blanket,0,1912,\N,\N,"Short,Western",4.9,38
tt0002096,short,A Child's Devotion,A Child's Devotion,0,1912,\N,15,"Drama,Short",3.9,16
tt0002097,short,A Child's Remorse,A Child's Remorse,0,1912,\N,17,"Drama,Short",4.2,37
tt0002098,short,Children Who Labor,Children Who Labor,0,1912,\N,13,"Drama,Short",5.9,146
